[{"model": "auth.permission", "pk": 1, "fields": {"name": "Can add log entry", "content_type": 1, "codename": "add_logentry"}}, {"model": "auth.permission", "pk": 2, "fields": {"name": "Can change log entry", "content_type": 1, "codename": "change_logentry"}}, {"model": "auth.permission", "pk": 3, "fields": {"name": "Can delete log entry", "content_type": 1, "codename": "delete_logentry"}}, {"model": "auth.permission", "pk": 4, "fields": {"name": "Can view log entry", "content_type": 1, "codename": "view_logentry"}}, {"model": "auth.permission", "pk": 5, "fields": {"name": "Can add permission", "content_type": 2, "codename": "add_permission"}}, {"model": "auth.permission", "pk": 6, "fields": {"name": "Can change permission", "content_type": 2, "codename": "change_permission"}}, {"model": "auth.permission", "pk": 7, "fields": {"name": "Can delete permission", "content_type": 2, "codename": "delete_permission"}}, {"model": "auth.permission", "pk": 8, "fields": {"name": "Can view permission", "content_type": 2, "codename": "view_permission"}}, {"model": "auth.permission", "pk": 9, "fields": {"name": "Can add group", "content_type": 3, "codename": "add_group"}}, {"model": "auth.permission", "pk": 10, "fields": {"name": "Can change group", "content_type": 3, "codename": "change_group"}}, {"model": "auth.permission", "pk": 11, "fields": {"name": "Can delete group", "content_type": 3, "codename": "delete_group"}}, {"model": "auth.permission", "pk": 12, "fields": {"name": "Can view group", "content_type": 3, "codename": "view_group"}}, {"model": "auth.permission", "pk": 13, "fields": {"name": "Can add content type", "content_type": 4, "codename": "add_contenttype"}}, {"model": "auth.permission", "pk": 14, "fields": {"name": "Can change content type", "content_type": 4, "codename": "change_contenttype"}}, {"model": "auth.permission", "pk": 15, "fields": {"name": "Can delete content type", "content_type": 4, "codename": "delete_contenttype"}}, {"model": "auth.permission", "pk": 16, "fields": {"name": "Can view content type", "content_type": 4, "codename": "view_contenttype"}}, {"model": "auth.permission", "pk": 17, "fields": {"name": "Can add session", "content_type": 5, "codename": "add_session"}}, {"model": "auth.permission", "pk": 18, "fields": {"name": "Can change session", "content_type": 5, "codename": "change_session"}}, {"model": "auth.permission", "pk": 19, "fields": {"name": "Can delete session", "content_type": 5, "codename": "delete_session"}}, {"model": "auth.permission", "pk": 20, "fields": {"name": "Can view session", "content_type": 5, "codename": "view_session"}}, {"model": "auth.permission", "pk": 21, "fields": {"name": "Can add Пользователь", "content_type": 6, "codename": "add_user"}}, {"model": "auth.permission", "pk": 22, "fields": {"name": "Can change Пользователь", "content_type": 6, "codename": "change_user"}}, {"model": "auth.permission", "pk": 23, "fields": {"name": "Can delete Пользователь", "content_type": 6, "codename": "delete_user"}}, {"model": "auth.permission", "pk": 24, "fields": {"name": "Can view Пользователь", "content_type": 6, "codename": "view_user"}}, {"model": "auth.permission", "pk": 25, "fields": {"name": "Can add Данные пользователя", "content_type": 7, "codename": "add_userprofile"}}, {"model": "auth.permission", "pk": 26, "fields": {"name": "Can change Данные пользователя", "content_type": 7, "codename": "change_userprofile"}}, {"model": "auth.permission", "pk": 27, "fields": {"name": "Can delete Данные пользователя", "content_type": 7, "codename": "delete_userprofile"}}, {"model": "auth.permission", "pk": 28, "fields": {"name": "Can view Данные пользователя", "content_type": 7, "codename": "view_userprofile"}}, {"model": "auth.permission", "pk": 29, "fields": {"name": "Can add Скилл пользователя", "content_type": 8, "codename": "add_userskill"}}, {"model": "auth.permission", "pk": 30, "fields": {"name": "Can change Скилл пользователя", "content_type": 8, "codename": "change_userskill"}}, {"model": "auth.permission", "pk": 31, "fields": {"name": "Can delete Скилл пользователя", "content_type": 8, "codename": "delete_userskill"}}, {"model": "auth.permission", "pk": 32, "fields": {"name": "Can view Скилл пользователя", "content_type": 8, "codename": "view_userskill"}}, {"model": "auth.permission", "pk": 33, "fields": {"name": "Can add Ресурс пользователя", "content_type": 9, "codename": "add_userresources"}}, {"model": "auth.permission", "pk": 34, "fields": {"name": "Can change Ресурс пользователя", "content_type": 9, "codename": "change_userresources"}}, {"model": "auth.permission", "pk": 35, "fields": {"name": "Can delete Ресурс пользователя", "content_type": 9, "codename": "delete_userresources"}}, {"model": "auth.permission", "pk": 36, "fields": {"name": "Can view Ресурс пользователя", "content_type": 9, "codename": "view_userresources"}}, {"model": "auth.permission", "pk": 37, "fields": {"name": "Can add Библиотека ресурсов", "content_type": 10, "codename": "add_resourcelibrary"}}, {"model": "auth.permission", "pk": 38, "fields": {"name": "Can change Библиотека ресурсов", "content_type": 10, "codename": "change_resourcelibrary"}}, {"model": "auth.permission", "pk": 39, "fields": {"name": "Can delete Библиотека ресурсов", "content_type": 10, "codename": "delete_resourcelibrary"}}, {"model": "auth.permission", "pk": 40, "fields": {"name": "Can view Библиотека ресурсов", "content_type": 10, "codename": "view_resourcelibrary"}}, {"model": "auth.permission", "pk": 41, "fields": {"name": "Can add Группа навыка", "content_type": 11, "codename": "add_skillgroup"}}, {"model": "auth.permission", "pk": 42, "fields": {"name": "Can change Группа навыка", "content_type": 11, "codename": "change_skillgroup"}}, {"model": "auth.permission", "pk": 43, "fields": {"name": "Can delete Группа навыка", "content_type": 11, "codename": "delete_skillgroup"}}, {"model": "auth.permission", "pk": 44, "fields": {"name": "Can view Группа навыка", "content_type": 11, "codename": "view_skillgroup"}}, {"model": "auth.permission", "pk": 45, "fields": {"name": "Can add Сфера работы", "content_type": 12, "codename": "add_specialization"}}, {"model": "auth.permission", "pk": 46, "fields": {"name": "Can change Сфера работы", "content_type": 12, "codename": "change_specialization"}}, {"model": "auth.permission", "pk": 47, "fields": {"name": "Can delete Сфера работы", "content_type": 12, "codename": "delete_specialization"}}, {"model": "auth.permission", "pk": 48, "fields": {"name": "Can view Сфера работы", "content_type": 12, "codename": "view_specialization"}}, {"model": "auth.permission", "pk": 49, "fields": {"name": "Can add Навык", "content_type": 13, "codename": "add_skill"}}, {"model": "auth.permission", "pk": 50, "fields": {"name": "Can change Навык", "content_type": 13, "codename": "change_skill"}}, {"model": "auth.permission", "pk": 51, "fields": {"name": "Can delete Навык", "content_type": 13, "codename": "delete_skill"}}, {"model": "auth.permission", "pk": 52, "fields": {"name": "Can view Навык", "content_type": 13, "codename": "view_skill"}}, {"model": "auth.permission", "pk": 53, "fields": {"name": "Can add email address", "content_type": 14, "codename": "add_emailaddress"}}, {"model": "auth.permission", "pk": 54, "fields": {"name": "Can change email address", "content_type": 14, "codename": "change_emailaddress"}}, {"model": "auth.permission", "pk": 55, "fields": {"name": "Can delete email address", "content_type": 14, "codename": "delete_emailaddress"}}, {"model": "auth.permission", "pk": 56, "fields": {"name": "Can view email address", "content_type": 14, "codename": "view_emailaddress"}}, {"model": "auth.permission", "pk": 57, "fields": {"name": "Can add email confirmation", "content_type": 15, "codename": "add_emailconfirmation"}}, {"model": "auth.permission", "pk": 58, "fields": {"name": "Can change email confirmation", "content_type": 15, "codename": "change_emailconfirmation"}}, {"model": "auth.permission", "pk": 59, "fields": {"name": "Can delete email confirmation", "content_type": 15, "codename": "delete_emailconfirmation"}}, {"model": "auth.permission", "pk": 60, "fields": {"name": "Can view email confirmation", "content_type": 15, "codename": "view_emailconfirmation"}}, {"model": "auth.permission", "pk": 61, "fields": {"name": "Can add social account", "content_type": 16, "codename": "add_socialaccount"}}, {"model": "auth.permission", "pk": 62, "fields": {"name": "Can change social account", "content_type": 16, "codename": "change_socialaccount"}}, {"model": "auth.permission", "pk": 63, "fields": {"name": "Can delete social account", "content_type": 16, "codename": "delete_socialaccount"}}, {"model": "auth.permission", "pk": 64, "fields": {"name": "Can view social account", "content_type": 16, "codename": "view_socialaccount"}}, {"model": "auth.permission", "pk": 65, "fields": {"name": "Can add social application", "content_type": 17, "codename": "add_socialapp"}}, {"model": "auth.permission", "pk": 66, "fields": {"name": "Can change social application", "content_type": 17, "codename": "change_socialapp"}}, {"model": "auth.permission", "pk": 67, "fields": {"name": "Can delete social application", "content_type": 17, "codename": "delete_socialapp"}}, {"model": "auth.permission", "pk": 68, "fields": {"name": "Can view social application", "content_type": 17, "codename": "view_socialapp"}}, {"model": "auth.permission", "pk": 69, "fields": {"name": "Can add social application token", "content_type": 18, "codename": "add_socialtoken"}}, {"model": "auth.permission", "pk": 70, "fields": {"name": "Can change social application token", "content_type": 18, "codename": "change_socialtoken"}}, {"model": "auth.permission", "pk": 71, "fields": {"name": "Can delete social application token", "content_type": 18, "codename": "delete_socialtoken"}}, {"model": "auth.permission", "pk": 72, "fields": {"name": "Can view social application token", "content_type": 18, "codename": "view_socialtoken"}}, {"model": "contenttypes.contenttype", "pk": 1, "fields": {"app_label": "admin", "model": "logentry"}}, {"model": "contenttypes.contenttype", "pk": 2, "fields": {"app_label": "auth", "model": "permission"}}, {"model": "contenttypes.contenttype", "pk": 3, "fields": {"app_label": "auth", "model": "group"}}, {"model": "contenttypes.contenttype", "pk": 4, "fields": {"app_label": "contenttypes", "model": "contenttype"}}, {"model": "contenttypes.contenttype", "pk": 5, "fields": {"app_label": "sessions", "model": "session"}}, {"model": "contenttypes.contenttype", "pk": 6, "fields": {"app_label": "users", "model": "user"}}, {"model": "contenttypes.contenttype", "pk": 7, "fields": {"app_label": "users", "model": "userprofile"}}, {"model": "contenttypes.contenttype", "pk": 8, "fields": {"app_label": "users", "model": "userskill"}}, {"model": "contenttypes.contenttype", "pk": 9, "fields": {"app_label": "users", "model": "userresources"}}, {"model": "contenttypes.contenttype", "pk": 10, "fields": {"app_label": "skills", "model": "resourcelibrary"}}, {"model": "contenttypes.contenttype", "pk": 11, "fields": {"app_label": "skills", "model": "skillgroup"}}, {"model": "contenttypes.contenttype", "pk": 12, "fields": {"app_label": "skills", "model": "specialization"}}, {"model": "contenttypes.contenttype", "pk": 13, "fields": {"app_label": "skills", "model": "skill"}}, {"model": "contenttypes.contenttype", "pk": 14, "fields": {"app_label": "account", "model": "emailaddress"}}, {"model": "contenttypes.contenttype", "pk": 15, "fields": {"app_label": "account", "model": "emailconfirmation"}}, {"model": "contenttypes.contenttype", "pk": 16, "fields": {"app_label": "socialaccount", "model": "socialaccount"}}, {"model": "contenttypes.contenttype", "pk": 17, "fields": {"app_label": "socialaccount", "model": "socialapp"}}, {"model": "contenttypes.contenttype", "pk": 18, "fields": {"app_label": "socialaccount", "model": "socialtoken"}}, {"model": "users.user", "pk": 1, "fields": {"password": "pbkdf2_sha256$600000$nXWcKC3ojiD8fmhaRx9bVF$COtRV8sOzwJLDfQA3T/Yi2T2/t8Dp+TLM3lOxJrGf0Y=", "last_login": null, "is_superuser": true, "username": "admin", "first_name": "", "last_name": "", "email": "admin@admin.ru", "is_staff": true, "is_active": true, "date_joined": "2023-12-05T21:23:06.171Z", "groups": [], "user_permissions": []}}, {"model": "skills.resourcelibrary", "pk": 1, "fields": {"type": "article", "description": "Bar to him question avoid break ball.", "learning_time": 8, "url": "http://jensen.com/"}}, {"model": "skills.resourcelibrary", "pk": 2, "fields": {"type": "podcast", "description": "Daughter how actually all myself around everybody piece.", "learning_time": 14, "url": "https://wolf.com/"}}, {"model": "skills.resourcelibrary", "pk": 3, "fields": {"type": "course", "description": "Security task fight energy religious.", "learning_time": 8, "url": "http://www.edwards-evans.info/"}}, {"model": "skills.resourcelibrary", "pk": 4, "fields": {"type": "podcast", "description": "Require two measure important.", "learning_time": 13, "url": "https://www.acevedo.info/"}}, {"model": "skills.resourcelibrary", "pk": 5, "fields": {"type": "course", "description": "Agent industry another including yard bad.", "learning_time": 15, "url": "https://www.ali-zuniga.biz/"}}, {"model": "skills.resourcelibrary", "pk": 6, "fields": {"type": "podcast", "description": "Hair successful produce they break edge.", "learning_time": 7, "url": "https://bowers.com/"}}, {"model": "skills.resourcelibrary", "pk": 7, "fields": {"type": "podcast", "description": "What his she five almost.", "learning_time": 13, "url": "https://www.mann-rivera.com/"}}, {"model": "skills.resourcelibrary", "pk": 8, "fields": {"type": "article", "description": "Many bring reflect we gas pull.", "learning_time": 7, "url": "http://www.chang.biz/"}}, {"model": "skills.resourcelibrary", "pk": 9, "fields": {"type": "podcast", "description": "Minute ahead side cell live always.", "learning_time": 12, "url": "https://williams.com/"}}, {"model": "skills.resourcelibrary", "pk": 10, "fields": {"type": "other", "description": "Best threat somebody itself country.", "learning_time": 7, "url": "https://hart-huber.com/"}}, {"model": "skills.resourcelibrary", "pk": 11, "fields": {"type": "article", "description": "Final term central challenge.", "learning_time": 5, "url": "https://johnson-evans.info/"}}, {"model": "skills.resourcelibrary", "pk": 12, "fields": {"type": "podcast", "description": "Might here test day rich bed.", "learning_time": 14, "url": "https://www.murphy-lowery.com/"}}, {"model": "skills.resourcelibrary", "pk": 13, "fields": {"type": "course", "description": "Long store represent entire else.", "learning_time": 14, "url": "http://www.glover-clay.com/"}}, {"model": "skills.resourcelibrary", "pk": 14, "fields": {"type": "course", "description": "Risk same series customer.", "learning_time": 15, "url": "https://tran-khan.com/"}}, {"model": "skills.resourcelibrary", "pk": 15, "fields": {"type": "article", "description": "Right think traditional after newspaper will.", "learning_time": 15, "url": "https://johnson.org/"}}, {"model": "skills.resourcelibrary", "pk": 16, "fields": {"type": "podcast", "description": "Ability agency now enter office of wonder.", "learning_time": 9, "url": "https://www.tucker-howard.com/"}}, {"model": "skills.resourcelibrary", "pk": 17, "fields": {"type": "course", "description": "Type father according upon.", "learning_time": 7, "url": "http://www.peterson-stuart.net/"}}, {"model": "skills.resourcelibrary", "pk": 18, "fields": {"type": "podcast", "description": "Agreement what run do particularly director state.", "learning_time": 12, "url": "https://riley.com/"}}, {"model": "skills.resourcelibrary", "pk": 19, "fields": {"type": "article", "description": "Quickly study have.", "learning_time": 5, "url": "http://johnston.info/"}}, {"model": "skills.resourcelibrary", "pk": 20, "fields": {"type": "other", "description": "Safe start control positive painting name pressure.", "learning_time": 5, "url": "http://www.soto.biz/"}}, {"model": "skills.resourcelibrary", "pk": 21, "fields": {"type": "article", "description": "Help paper in.", "learning_time": 13, "url": "https://www.garcia.org/"}}, {"model": "skills.resourcelibrary", "pk": 22, "fields": {"type": "podcast", "description": "Herself able director easy someone.", "learning_time": 14, "url": "https://www.oconnell.org/"}}, {"model": "skills.resourcelibrary", "pk": 23, "fields": {"type": "article", "description": "Production stage read tough building culture.", "learning_time": 5, "url": "https://miller.com/"}}, {"model": "skills.resourcelibrary", "pk": 24, "fields": {"type": "article", "description": "Meeting condition million represent call stock career.", "learning_time": 8, "url": "http://hicks.biz/"}}, {"model": "skills.resourcelibrary", "pk": 25, "fields": {"type": "article", "description": "Detail whatever seek natural model degree.", "learning_time": 7, "url": "https://www.frank-hunter.net/"}}, {"model": "skills.resourcelibrary", "pk": 26, "fields": {"type": "podcast", "description": "Line imagine particularly character bring pay along.", "learning_time": 11, "url": "https://www.collins.org/"}}, {"model": "skills.resourcelibrary", "pk": 27, "fields": {"type": "other", "description": "Also sense kitchen really operation husband.", "learning_time": 13, "url": "http://www.french.org/"}}, {"model": "skills.resourcelibrary", "pk": 28, "fields": {"type": "podcast", "description": "Major effort apply right.", "learning_time": 11, "url": "https://www.ramirez.com/"}}, {"model": "skills.resourcelibrary", "pk": 29, "fields": {"type": "course", "description": "Act performance peace here success happen.", "learning_time": 14, "url": "http://www.randolph.info/"}}, {"model": "skills.resourcelibrary", "pk": 30, "fields": {"type": "other", "description": "Market exist other sure what push.", "learning_time": 14, "url": "http://mckay.com/"}}, {"model": "skills.skillgroup", "pk": 1, "fields": {"name": "Языки программирования"}}, {"model": "skills.skillgroup", "pk": 2, "fields": {"name": "Фрэймворки"}}, {"model": "skills.skillgroup", "pk": 3, "fields": {"name": "Коммуникабельность"}}, {"model": "skills.specialization", "pk": 1, "fields": {"name": "Разработчик", "code": 495, "level_code": 373, "level_name": "jun"}}, {"model": "skills.specialization", "pk": 2, "fields": {"name": "Продукт менеджер", "code": 28, "level_code": 358, "level_name": "jun"}}, {"model": "skills.specialization", "pk": 3, "fields": {"name": "Тестировщик", "code": 192, "level_code": 168, "level_name": "jun"}}, {"model": "skills.specialization", "pk": 4, "fields": {"name": "Дизайнер", "code": 1069, "level_code": 243, "level_name": "jun"}}, {"model": "skills.specialization", "pk": 5, "fields": {"name": "Аналитик", "code": 116, "level_code": 789, "level_name": "mid"}}, {"model": "skills.skill", "pk": 1, "fields": {"name": "JS", "description": "I what maybe.", "specialization": 1, "group": 1, "type": "soft", "level": "middle", "code": 327, "date_from": "2023-12-05", "date_to": "2023-12-05", "resource_library": [1, 2, 3, 4]}}, {"model": "skills.skill", "pk": 2, "fields": {"name": "Python", "description": "Stay hold field.", "specialization": 2, "group": 2, "type": "soft", "level": "senior", "code": 812, "date_from": "2023-12-05", "date_to": "2023-12-05", "resource_library": [1, 2, 3, 4]}}, {"model": "skills.skill", "pk": 3, "fields": {"name": "Html", "description": "Now view need but shake nothing.", "specialization": 3, "group": 1, "type": "soft", "level": "start", "code": 247, "date_from": "2023-12-05", "date_to": "2023-12-05", "resource_library": [1, 2, 3, 4]}}, {"model": "skills.skill", "pk": 4, "fields": {"name": "Django", "description": "Sit house second especially fine.", "specialization": 4, "group": 1, "type": "soft", "level": "middle", "code": 634, "date_from": "2023-12-05", "date_to": "2023-12-05", "resource_library": [1, 2, 3]}}, {"model": "skills.skill", "pk": 5, "fields": {"name": "Css", "description": "Rate require view line despite value.", "specialization": 3, "group": 1, "type": "soft", "level": "middle", "code": 846, "date_from": "2023-12-05", "date_to": "2023-12-05", "resource_library": [1, 2, 3, 4]}}, {"model": "skills.skill", "pk": 6, "fields": {"name": "C++", "description": "Grow serve north would child reach between.", "specialization": 2, "group": 2, "type": "hard", "level": "middle", "code": 570, "date_from": "2023-12-05", "date_to": "2023-12-05", "resource_library": [1, 2, 3, 4]}}, {"model": "skills.skill", "pk": 7, "fields": {"name": "Docker", "description": "Entire event successful add best.", "specialization": 1, "group": 2, "type": "soft", "level": "senior", "code": 736, "date_from": "2023-12-05", "date_to": "2023-12-05", "resource_library": [1, 2, 3]}}]