[{"model": "admin.logentry", "pk": 1, "fields": {"action_time": "2023-12-07T09:32:15.548Z", "user": 1, "content_type": 12, "object_id": "6", "object_repr": "Разработчик mid", "action_flag": 1, "change_message": "[{\"added\": {}}]"}}, {"model": "admin.logentry", "pk": 2, "fields": {"action_time": "2023-12-07T09:32:26.561Z", "user": 1, "content_type": 7, "object_id": "1", "object_repr": "Профайл admin", "action_flag": 1, "change_message": "[{\"added\": {}}]"}}, {"model": "admin.logentry", "pk": 3, "fields": {"action_time": "2023-12-07T09:32:38.861Z", "user": 1, "content_type": 8, "object_id": "1", "object_repr": "Пользователь Профайл admin", "action_flag": 1, "change_message": "[{\"added\": {}}]"}}, {"model": "admin.logentry", "pk": 4, "fields": {"action_time": "2023-12-07T09:33:00.699Z", "user": 1, "content_type": 7, "object_id": "1", "object_repr": "Профайл admin", "action_flag": 2, "change_message": "[{\"added\": {\"name\": \"\\u0420\\u0435\\u0441\\u0443\\u0440\\u0441 \\u043f\\u043e\\u043b\\u044c\\u0437\\u043e\\u0432\\u0430\\u0442\\u0435\\u043b\\u044f\", \"object\": \"\\u041f\\u0440\\u043e\\u0444\\u0430\\u0439\\u043b admin \\u0440\\u0435\\u0441\\u0443\\u0440\\u0441 podcast done.\"}}]"}}, {"model": "admin.logentry", "pk": 5, "fields": {"action_time": "2023-12-07T09:44:45.707Z", "user": 1, "content_type": 13, "object_id": "7", "object_repr": "Docker", "action_flag": 2, "change_message": "[{\"changed\": {\"fields\": [\"\\u0421\\u0444\\u0435\\u0440\\u0430 \\u0440\\u0430\\u0431\\u043e\\u0442\\u044b\", \"\\u0422\\u0438\\u043f \\u043d\\u0430\\u0432\\u044b\\u043a\\u0430\", \"\\u0423\\u0440\\u043e\\u0432\\u0435\\u043d\\u044c \\u043d\\u0430\\u0432\\u044b\\u043a\\u0430\"]}}]"}}, {"model": "admin.logentry", "pk": 6, "fields": {"action_time": "2023-12-07T09:45:02.152Z", "user": 1, "content_type": 13, "object_id": "4", "object_repr": "Django", "action_flag": 2, "change_message": "[{\"changed\": {\"fields\": [\"\\u0421\\u0444\\u0435\\u0440\\u0430 \\u0440\\u0430\\u0431\\u043e\\u0442\\u044b\", \"\\u0422\\u0438\\u043f \\u043d\\u0430\\u0432\\u044b\\u043a\\u0430\"]}}]"}}, {"model": "admin.logentry", "pk": 7, "fields": {"action_time": "2023-12-07T09:58:46.279Z", "user": 1, "content_type": 6, "object_id": "3", "object_repr": "timofeybaryshnenkov", "action_flag": 3, "change_message": ""}}, {"model": "admin.logentry", "pk": 8, "fields": {"action_time": "2023-12-07T09:59:55.255Z", "user": 1, "content_type": 7, "object_id": "2", "object_repr": "Профайл user", "action_flag": 1, "change_message": "[{\"added\": {}}]"}}, {"model": "admin.logentry", "pk": 9, "fields": {"action_time": "2023-12-07T11:55:02.819Z", "user": 1, "content_type": 13, "object_id": "7", "object_repr": "Docker", "action_flag": 2, "change_message": "[]"}}, {"model": "admin.logentry", "pk": 10, "fields": {"action_time": "2023-12-07T11:55:08.555Z", "user": 1, "content_type": 13, "object_id": "7", "object_repr": "Docker", "action_flag": 2, "change_message": "[]"}}, {"model": "admin.logentry", "pk": 11, "fields": {"action_time": "2023-12-07T11:55:32.639Z", "user": 1, "content_type": 13, "object_id": "8", "object_repr": "Django", "action_flag": 1, "change_message": "[{\"added\": {}}]"}}, {"model": "admin.logentry", "pk": 12, "fields": {"action_time": "2023-12-07T19:40:07.890Z", "user": 1, "content_type": 6, "object_id": "9", "object_repr": "user1111", "action_flag": 1, "change_message": "[{\"added\": {}}]"}}, {"model": "admin.logentry", "pk": 13, "fields": {"action_time": "2023-12-08T08:47:46.456Z", "user": 1, "content_type": 11, "object_id": "4", "object_repr": "Типографика", "action_flag": 1, "change_message": "[{\"added\": {}}]"}}, {"model": "admin.logentry", "pk": 14, "fields": {"action_time": "2023-12-08T08:48:05.825Z", "user": 1, "content_type": 11, "object_id": "5", "object_repr": "Бизнес аналитика", "action_flag": 1, "change_message": "[{\"added\": {}}]"}}, {"model": "admin.logentry", "pk": 15, "fields": {"action_time": "2023-12-08T08:48:11.378Z", "user": 1, "content_type": 11, "object_id": "6", "object_repr": "HTML и CSS", "action_flag": 1, "change_message": "[{\"added\": {}}]"}}, {"model": "admin.logentry", "pk": 16, "fields": {"action_time": "2023-12-08T08:48:16.556Z", "user": 1, "content_type": 11, "object_id": "7", "object_repr": "Дизайн системы", "action_flag": 1, "change_message": "[{\"added\": {}}]"}}, {"model": "admin.logentry", "pk": 17, "fields": {"action_time": "2023-12-08T08:48:23.157Z", "user": 1, "content_type": 11, "object_id": "8", "object_repr": "Дизайн системы", "action_flag": 1, "change_message": "[{\"added\": {}}]"}}, {"model": "admin.logentry", "pk": 18, "fields": {"action_time": "2023-12-08T08:48:28.091Z", "user": 1, "content_type": 11, "object_id": "9", "object_repr": "Презентация", "action_flag": 1, "change_message": "[{\"added\": {}}]"}}, {"model": "admin.logentry", "pk": 19, "fields": {"action_time": "2023-12-08T08:48:33.327Z", "user": 1, "content_type": 11, "object_id": "10", "object_repr": "Композиция", "action_flag": 1, "change_message": "[{\"added\": {}}]"}}, {"model": "admin.logentry", "pk": 20, "fields": {"action_time": "2023-12-08T08:48:38.410Z", "user": 1, "content_type": 11, "object_id": "11", "object_repr": "Общее взаимодействие", "action_flag": 1, "change_message": "[{\"added\": {}}]"}}, {"model": "admin.logentry", "pk": 21, "fields": {"action_time": "2023-12-08T08:48:43.575Z", "user": 1, "content_type": 11, "object_id": "12", "object_repr": "Саморазвитие", "action_flag": 1, "change_message": "[{\"added\": {}}]"}}, {"model": "admin.logentry", "pk": 22, "fields": {"action_time": "2023-12-08T08:49:39.354Z", "user": 1, "content_type": 12, "object_id": "7", "object_repr": "Дизайнер jun", "action_flag": 1, "change_message": "[{\"added\": {}}]"}}, {"model": "admin.logentry", "pk": 23, "fields": {"action_time": "2023-12-08T08:50:22.531Z", "user": 1, "content_type": 13, "object_id": "9", "object_repr": "Подбор шрифтов для заголовков", "action_flag": 1, "change_message": "[{\"added\": {}}]"}}, {"model": "admin.logentry", "pk": 24, "fields": {"action_time": "2023-12-08T08:51:09.559Z", "user": 1, "content_type": 13, "object_id": "10", "object_repr": "Подбор шрифтов для основного текста", "action_flag": 1, "change_message": "[{\"added\": {}}]"}}, {"model": "admin.logentry", "pk": 25, "fields": {"action_time": "2023-12-08T09:06:52.691Z", "user": 1, "content_type": 13, "object_id": "9", "object_repr": "Подбор шрифтов для заголовков", "action_flag": 2, "change_message": "[{\"changed\": {\"fields\": [\"\\u0423\\u0440\\u043e\\u0432\\u0435\\u043d\\u044c \\u043d\\u0430\\u0432\\u044b\\u043a\\u0430\"]}}]"}}, {"model": "admin.logentry", "pk": 26, "fields": {"action_time": "2023-12-08T09:07:15.392Z", "user": 1, "content_type": 13, "object_id": "10", "object_repr": "Подбор шрифтов для основного текста", "action_flag": 2, "change_message": "[{\"changed\": {\"fields\": [\"\\u0423\\u0440\\u043e\\u0432\\u0435\\u043d\\u044c \\u043d\\u0430\\u0432\\u044b\\u043a\\u0430\"]}}]"}}, {"model": "admin.logentry", "pk": 27, "fields": {"action_time": "2023-12-08T09:07:42.392Z", "user": 1, "content_type": 13, "object_id": "11", "object_repr": "Подбор шрифтов для вспомогательного текста", "action_flag": 1, "change_message": "[{\"added\": {}}]"}}, {"model": "admin.logentry", "pk": 28, "fields": {"action_time": "2023-12-08T09:08:15.421Z", "user": 1, "content_type": 13, "object_id": "12", "object_repr": "Подбор шрифтов для вспомогательного текста", "action_flag": 1, "change_message": "[{\"added\": {}}]"}}, {"model": "admin.logentry", "pk": 29, "fields": {"action_time": "2023-12-08T09:09:29.827Z", "user": 1, "content_type": 12, "object_id": "7", "object_repr": "Дизайнер mid", "action_flag": 2, "change_message": "[{\"changed\": {\"fields\": [\"\\u041d\\u0430\\u0437\\u0432\\u0430\\u043d\\u0438\\u0435 \\u0443\\u0440\\u043e\\u0432\\u043d\\u044f\"]}}]"}}, {"model": "admin.logentry", "pk": 30, "fields": {"action_time": "2023-12-08T09:09:42.149Z", "user": 1, "content_type": 13, "object_id": "12", "object_repr": "Подбор шрифтов для вспомогательного текста", "action_flag": 2, "change_message": "[{\"changed\": {\"fields\": [\"\\u0421\\u0444\\u0435\\u0440\\u0430 \\u0440\\u0430\\u0431\\u043e\\u0442\\u044b\", \"\\u0423\\u0440\\u043e\\u0432\\u0435\\u043d\\u044c \\u043d\\u0430\\u0432\\u044b\\u043a\\u0430\"]}}]"}}, {"model": "admin.logentry", "pk": 31, "fields": {"action_time": "2023-12-08T09:11:00.778Z", "user": 1, "content_type": 13, "object_id": "13", "object_repr": "Подбор шрифтов для заголовков", "action_flag": 1, "change_message": "[{\"added\": {}}]"}}, {"model": "admin.logentry", "pk": 32, "fields": {"action_time": "2023-12-08T09:11:28.987Z", "user": 1, "content_type": 13, "object_id": "14", "object_repr": "Подбор шрифтов для основного текста", "action_flag": 1, "change_message": "[{\"added\": {}}]"}}, {"model": "admin.logentry", "pk": 33, "fields": {"action_time": "2023-12-08T09:12:45.285Z", "user": 1, "content_type": 13, "object_id": "15", "object_repr": "Варианты пар шрифтов", "action_flag": 1, "change_message": "[{\"added\": {}}]"}}, {"model": "admin.logentry", "pk": 34, "fields": {"action_time": "2023-12-08T09:13:06.837Z", "user": 1, "content_type": 13, "object_id": "16", "object_repr": "Варианты пар шрифтов", "action_flag": 1, "change_message": "[{\"added\": {}}]"}}, {"model": "admin.logentry", "pk": 35, "fields": {"action_time": "2023-12-08T09:13:50.193Z", "user": 1, "content_type": 13, "object_id": "17", "object_repr": "Шрифты с засечками", "action_flag": 1, "change_message": "[{\"added\": {}}]"}}, {"model": "admin.logentry", "pk": 36, "fields": {"action_time": "2023-12-08T09:14:06.598Z", "user": 1, "content_type": 13, "object_id": "18", "object_repr": "Шрифты с засечками", "action_flag": 1, "change_message": "[{\"added\": {}}]"}}, {"model": "admin.logentry", "pk": 37, "fields": {"action_time": "2023-12-08T09:14:24.858Z", "user": 1, "content_type": 13, "object_id": "19", "object_repr": "Подбор расположения текста", "action_flag": 1, "change_message": "[{\"added\": {}}]"}}, {"model": "admin.logentry", "pk": 38, "fields": {"action_time": "2023-12-08T09:14:40.836Z", "user": 1, "content_type": 13, "object_id": "20", "object_repr": "Подбор расположения текста", "action_flag": 1, "change_message": "[{\"added\": {}}]"}}, {"model": "admin.logentry", "pk": 39, "fields": {"action_time": "2023-12-08T09:15:13.897Z", "user": 1, "content_type": 13, "object_id": "21", "object_repr": "Подбор взаимного расположения текста и иллюстраций", "action_flag": 1, "change_message": "[{\"added\": {}}]"}}, {"model": "admin.logentry", "pk": 40, "fields": {"action_time": "2023-12-08T09:15:48.258Z", "user": 1, "content_type": 13, "object_id": "22", "object_repr": "Подбор взаимного расположения текста и иллюстраций", "action_flag": 1, "change_message": "[{\"added\": {}}]"}}, {"model": "admin.logentry", "pk": 41, "fields": {"action_time": "2023-12-08T09:16:45.276Z", "user": 1, "content_type": 13, "object_id": "23", "object_repr": "Подбор оптимальной длины строк", "action_flag": 1, "change_message": "[{\"added\": {}}]"}}, {"model": "admin.logentry", "pk": 42, "fields": {"action_time": "2023-12-08T09:16:58.149Z", "user": 1, "content_type": 13, "object_id": "24", "object_repr": "Подбор оптимальной длины строк", "action_flag": 1, "change_message": "[{\"added\": {}}]"}}, {"model": "admin.logentry", "pk": 43, "fields": {"action_time": "2023-12-08T09:17:25.345Z", "user": 1, "content_type": 13, "object_id": "25", "object_repr": "Наиболее часто используемые символы и знаки", "action_flag": 1, "change_message": "[{\"added\": {}}]"}}, {"model": "admin.logentry", "pk": 44, "fields": {"action_time": "2023-12-08T09:17:38.778Z", "user": 1, "content_type": 13, "object_id": "1", "object_repr": "JS", "action_flag": 3, "change_message": ""}}, {"model": "admin.logentry", "pk": 45, "fields": {"action_time": "2023-12-08T09:17:38.785Z", "user": 1, "content_type": 13, "object_id": "2", "object_repr": "Python", "action_flag": 3, "change_message": ""}}, {"model": "admin.logentry", "pk": 46, "fields": {"action_time": "2023-12-08T09:17:38.788Z", "user": 1, "content_type": 13, "object_id": "3", "object_repr": "Html", "action_flag": 3, "change_message": ""}}, {"model": "admin.logentry", "pk": 47, "fields": {"action_time": "2023-12-08T09:17:38.793Z", "user": 1, "content_type": 13, "object_id": "4", "object_repr": "Django", "action_flag": 3, "change_message": ""}}, {"model": "admin.logentry", "pk": 48, "fields": {"action_time": "2023-12-08T09:17:38.799Z", "user": 1, "content_type": 13, "object_id": "5", "object_repr": "Css", "action_flag": 3, "change_message": ""}}, {"model": "admin.logentry", "pk": 49, "fields": {"action_time": "2023-12-08T09:17:38.815Z", "user": 1, "content_type": 13, "object_id": "6", "object_repr": "C++", "action_flag": 3, "change_message": ""}}, {"model": "admin.logentry", "pk": 50, "fields": {"action_time": "2023-12-08T09:17:38.826Z", "user": 1, "content_type": 13, "object_id": "7", "object_repr": "Docker", "action_flag": 3, "change_message": ""}}, {"model": "admin.logentry", "pk": 51, "fields": {"action_time": "2023-12-08T09:17:38.828Z", "user": 1, "content_type": 13, "object_id": "8", "object_repr": "Django", "action_flag": 3, "change_message": ""}}, {"model": "admin.logentry", "pk": 52, "fields": {"action_time": "2023-12-08T09:19:18.616Z", "user": 1, "content_type": 13, "object_id": "1", "object_repr": "JS", "action_flag": 3, "change_message": ""}}, {"model": "admin.logentry", "pk": 53, "fields": {"action_time": "2023-12-08T09:19:18.619Z", "user": 1, "content_type": 13, "object_id": "2", "object_repr": "Python", "action_flag": 3, "change_message": ""}}, {"model": "admin.logentry", "pk": 54, "fields": {"action_time": "2023-12-08T09:19:18.621Z", "user": 1, "content_type": 13, "object_id": "3", "object_repr": "Html", "action_flag": 3, "change_message": ""}}, {"model": "admin.logentry", "pk": 55, "fields": {"action_time": "2023-12-08T09:19:18.624Z", "user": 1, "content_type": 13, "object_id": "4", "object_repr": "Django", "action_flag": 3, "change_message": ""}}, {"model": "admin.logentry", "pk": 56, "fields": {"action_time": "2023-12-08T09:19:18.627Z", "user": 1, "content_type": 13, "object_id": "5", "object_repr": "Css", "action_flag": 3, "change_message": ""}}, {"model": "admin.logentry", "pk": 57, "fields": {"action_time": "2023-12-08T09:19:18.630Z", "user": 1, "content_type": 13, "object_id": "6", "object_repr": "C++", "action_flag": 3, "change_message": ""}}, {"model": "admin.logentry", "pk": 58, "fields": {"action_time": "2023-12-08T09:19:18.632Z", "user": 1, "content_type": 13, "object_id": "7", "object_repr": "Docker", "action_flag": 3, "change_message": ""}}, {"model": "admin.logentry", "pk": 59, "fields": {"action_time": "2023-12-08T09:19:18.637Z", "user": 1, "content_type": 13, "object_id": "8", "object_repr": "Django", "action_flag": 3, "change_message": ""}}, {"model": "admin.logentry", "pk": 60, "fields": {"action_time": "2023-12-08T09:19:31.572Z", "user": 1, "content_type": 13, "object_id": "1", "object_repr": "JS", "action_flag": 3, "change_message": ""}}, {"model": "admin.logentry", "pk": 61, "fields": {"action_time": "2023-12-08T09:19:37.279Z", "user": 1, "content_type": 13, "object_id": "2", "object_repr": "Python", "action_flag": 3, "change_message": ""}}, {"model": "admin.logentry", "pk": 62, "fields": {"action_time": "2023-12-08T09:20:29.305Z", "user": 1, "content_type": 7, "object_id": "1", "object_repr": "Профайл admin", "action_flag": 3, "change_message": ""}}, {"model": "admin.logentry", "pk": 63, "fields": {"action_time": "2023-12-08T09:20:37.793Z", "user": 1, "content_type": 13, "object_id": "2", "object_repr": "Python", "action_flag": 3, "change_message": ""}}, {"model": "admin.logentry", "pk": 64, "fields": {"action_time": "2023-12-08T09:20:47.240Z", "user": 1, "content_type": 13, "object_id": "3", "object_repr": "Html", "action_flag": 3, "change_message": ""}}, {"model": "admin.logentry", "pk": 65, "fields": {"action_time": "2023-12-08T09:20:47.252Z", "user": 1, "content_type": 13, "object_id": "4", "object_repr": "Django", "action_flag": 3, "change_message": ""}}, {"model": "admin.logentry", "pk": 66, "fields": {"action_time": "2023-12-08T09:20:47.254Z", "user": 1, "content_type": 13, "object_id": "5", "object_repr": "Css", "action_flag": 3, "change_message": ""}}, {"model": "admin.logentry", "pk": 67, "fields": {"action_time": "2023-12-08T09:20:47.257Z", "user": 1, "content_type": 13, "object_id": "6", "object_repr": "C++", "action_flag": 3, "change_message": ""}}, {"model": "admin.logentry", "pk": 68, "fields": {"action_time": "2023-12-08T09:20:47.267Z", "user": 1, "content_type": 13, "object_id": "7", "object_repr": "Docker", "action_flag": 3, "change_message": ""}}, {"model": "admin.logentry", "pk": 69, "fields": {"action_time": "2023-12-08T09:20:47.278Z", "user": 1, "content_type": 13, "object_id": "8", "object_repr": "Django", "action_flag": 3, "change_message": ""}}, {"model": "admin.logentry", "pk": 70, "fields": {"action_time": "2023-12-08T09:21:01.408Z", "user": 1, "content_type": 13, "object_id": "25", "object_repr": "Наиболее часто используемые символы и знаки", "action_flag": 2, "change_message": "[]"}}, {"model": "admin.logentry", "pk": 71, "fields": {"action_time": "2023-12-08T09:21:18.159Z", "user": 1, "content_type": 13, "object_id": "26", "object_repr": "Наиболее часто используемые символы и знаки", "action_flag": 1, "change_message": "[{\"added\": {}}]"}}, {"model": "admin.logentry", "pk": 72, "fields": {"action_time": "2023-12-08T09:21:32.425Z", "user": 1, "content_type": 11, "object_id": "3", "object_repr": "Коммуникабельность", "action_flag": 3, "change_message": ""}}, {"model": "admin.logentry", "pk": 73, "fields": {"action_time": "2023-12-08T09:21:32.428Z", "user": 1, "content_type": 11, "object_id": "2", "object_repr": "Фрэймворки", "action_flag": 3, "change_message": ""}}, {"model": "admin.logentry", "pk": 74, "fields": {"action_time": "2023-12-08T09:21:32.438Z", "user": 1, "content_type": 11, "object_id": "1", "object_repr": "Языки программирования", "action_flag": 3, "change_message": ""}}, {"model": "admin.logentry", "pk": 75, "fields": {"action_time": "2023-12-08T09:21:56.291Z", "user": 1, "content_type": 7, "object_id": "2", "object_repr": "Профайл user", "action_flag": 2, "change_message": "[{\"changed\": {\"fields\": [\"\\u0422\\u0435\\u043a\\u0443\\u0449\\u0438\\u0439 \\u0443\\u0440\\u043e\\u0432\\u0435\\u043d\\u044c\", \"\\u0416\\u0435\\u043b\\u0430\\u0435\\u043c\\u044b\\u0439 \\u0443\\u0440\\u043e\\u0432\\u0435\\u043d\\u044c\"]}}]"}}, {"model": "admin.logentry", "pk": 76, "fields": {"action_time": "2023-12-08T09:22:11.611Z", "user": 1, "content_type": 12, "object_id": "6", "object_repr": "Разработчик mid", "action_flag": 3, "change_message": ""}}, {"model": "admin.logentry", "pk": 77, "fields": {"action_time": "2023-12-08T09:22:11.618Z", "user": 1, "content_type": 12, "object_id": "5", "object_repr": "Аналитик mid", "action_flag": 3, "change_message": ""}}, {"model": "admin.logentry", "pk": 78, "fields": {"action_time": "2023-12-08T09:22:11.622Z", "user": 1, "content_type": 12, "object_id": "2", "object_repr": "Продукт менеджер jun", "action_flag": 3, "change_message": ""}}, {"model": "admin.logentry", "pk": 79, "fields": {"action_time": "2023-12-08T09:22:11.624Z", "user": 1, "content_type": 12, "object_id": "1", "object_repr": "Разработчик jun", "action_flag": 3, "change_message": ""}}, {"model": "admin.logentry", "pk": 80, "fields": {"action_time": "2023-12-08T09:22:16.983Z", "user": 1, "content_type": 12, "object_id": "3", "object_repr": "Тестировщик jun", "action_flag": 3, "change_message": ""}}, {"model": "admin.logentry", "pk": 81, "fields": {"action_time": "2023-12-08T09:22:45.445Z", "user": 1, "content_type": 13, "object_id": "27", "object_repr": "Рекомендации по использованию шрифтов", "action_flag": 1, "change_message": "[{\"added\": {}}]"}}, {"model": "admin.logentry", "pk": 82, "fields": {"action_time": "2023-12-08T09:23:05.031Z", "user": 1, "content_type": 13, "object_id": "28", "object_repr": "Рекомендации по использованию шрифтов", "action_flag": 1, "change_message": "[{\"added\": {}}]"}}, {"model": "admin.logentry", "pk": 83, "fields": {"action_time": "2023-12-08T09:23:25.325Z", "user": 1, "content_type": 13, "object_id": "29", "object_repr": "Анализ ЦА", "action_flag": 1, "change_message": "[{\"added\": {}}]"}}, {"model": "admin.logentry", "pk": 84, "fields": {"action_time": "2023-12-08T09:23:41.159Z", "user": 1, "content_type": 13, "object_id": "30", "object_repr": "Анализ ЦА", "action_flag": 1, "change_message": "[{\"added\": {}}]"}}, {"model": "admin.logentry", "pk": 85, "fields": {"action_time": "2023-12-08T09:24:02.915Z", "user": 1, "content_type": 13, "object_id": "31", "object_repr": "Рассмотрение гипотез", "action_flag": 1, "change_message": "[{\"added\": {}}]"}}, {"model": "admin.logentry", "pk": 86, "fields": {"action_time": "2023-12-08T09:24:14.330Z", "user": 1, "content_type": 13, "object_id": "32", "object_repr": "Рассмотрение гипотез", "action_flag": 1, "change_message": "[{\"added\": {}}]"}}, {"model": "admin.logentry", "pk": 87, "fields": {"action_time": "2023-12-08T09:24:37.745Z", "user": 1, "content_type": 13, "object_id": "33", "object_repr": "Конкурентный анализ", "action_flag": 1, "change_message": "[{\"added\": {}}]"}}, {"model": "admin.logentry", "pk": 88, "fields": {"action_time": "2023-12-08T09:24:51.050Z", "user": 1, "content_type": 13, "object_id": "34", "object_repr": "Конкурентный анализ", "action_flag": 1, "change_message": "[{\"added\": {}}]"}}, {"model": "admin.logentry", "pk": 89, "fields": {"action_time": "2023-12-08T09:25:08.137Z", "user": 1, "content_type": 13, "object_id": "35", "object_repr": "Исследования рынка", "action_flag": 1, "change_message": "[{\"added\": {}}]"}}, {"model": "admin.logentry", "pk": 90, "fields": {"action_time": "2023-12-08T09:25:18.562Z", "user": 1, "content_type": 13, "object_id": "36", "object_repr": "Исследования рынка", "action_flag": 1, "change_message": "[{\"added\": {}}]"}}, {"model": "admin.logentry", "pk": 91, "fields": {"action_time": "2023-12-08T09:25:40.713Z", "user": 1, "content_type": 13, "object_id": "37", "object_repr": "JTBD и User Stories", "action_flag": 1, "change_message": "[{\"added\": {}}]"}}, {"model": "admin.logentry", "pk": 92, "fields": {"action_time": "2023-12-08T09:25:55.116Z", "user": 1, "content_type": 13, "object_id": "38", "object_repr": "JTBD и User Stories", "action_flag": 1, "change_message": "[{\"added\": {}}]"}}, {"model": "admin.logentry", "pk": 93, "fields": {"action_time": "2023-12-08T09:26:11.046Z", "user": 1, "content_type": 13, "object_id": "39", "object_repr": "Рассмотрение бизнес-сценариев", "action_flag": 1, "change_message": "[{\"added\": {}}]"}}, {"model": "admin.logentry", "pk": 94, "fields": {"action_time": "2023-12-08T09:26:23.743Z", "user": 1, "content_type": 13, "object_id": "40", "object_repr": "Рассмотрение бизнес-сценариев", "action_flag": 1, "change_message": "[{\"added\": {}}]"}}, {"model": "admin.logentry", "pk": 95, "fields": {"action_time": "2023-12-08T09:26:41.299Z", "user": 1, "content_type": 13, "object_id": "41", "object_repr": "Рассмотрение бизнес-ролей", "action_flag": 1, "change_message": "[{\"added\": {}}]"}}, {"model": "admin.logentry", "pk": 96, "fields": {"action_time": "2023-12-08T09:26:54.352Z", "user": 1, "content_type": 13, "object_id": "42", "object_repr": "Рассмотрение бизнес-ролей", "action_flag": 1, "change_message": "[{\"added\": {}}]"}}, {"model": "admin.logentry", "pk": 97, "fields": {"action_time": "2023-12-08T09:27:14.773Z", "user": 1, "content_type": 13, "object_id": "43", "object_repr": "Способы повышения времени сценария", "action_flag": 1, "change_message": "[{\"added\": {}}]"}}, {"model": "admin.logentry", "pk": 98, "fields": {"action_time": "2023-12-08T09:27:31.786Z", "user": 1, "content_type": 13, "object_id": "44", "object_repr": "Повышение насмотренности", "action_flag": 1, "change_message": "[{\"added\": {}}]"}}, {"model": "admin.logentry", "pk": 99, "fields": {"action_time": "2023-12-08T09:27:43.471Z", "user": 1, "content_type": 13, "object_id": "45", "object_repr": "Повышение насмотренности", "action_flag": 1, "change_message": "[{\"added\": {}}]"}}, {"model": "admin.logentry", "pk": 100, "fields": {"action_time": "2023-12-08T09:28:00.719Z", "user": 1, "content_type": 13, "object_id": "46", "object_repr": "Формирование гипотез", "action_flag": 1, "change_message": "[{\"added\": {}}]"}}, {"model": "admin.logentry", "pk": 101, "fields": {"action_time": "2023-12-08T09:36:15.650Z", "user": 1, "content_type": 13, "object_id": "47", "object_repr": "Семантическая разметка", "action_flag": 1, "change_message": "[{\"added\": {}}]"}}, {"model": "admin.logentry", "pk": 102, "fields": {"action_time": "2023-12-08T09:36:31.624Z", "user": 1, "content_type": 13, "object_id": "48", "object_repr": "Семантическая разметка", "action_flag": 1, "change_message": "[{\"added\": {}}]"}}, {"model": "admin.logentry", "pk": 103, "fields": {"action_time": "2023-12-08T09:36:54.153Z", "user": 1, "content_type": 13, "object_id": "49", "object_repr": "Графика и базовая стилизация", "action_flag": 1, "change_message": "[{\"added\": {}}]"}}, {"model": "admin.logentry", "pk": 104, "fields": {"action_time": "2023-12-08T09:37:10.414Z", "user": 1, "content_type": 13, "object_id": "50", "object_repr": "Графика и базовая стилизация", "action_flag": 1, "change_message": "[{\"added\": {}}]"}}, {"model": "admin.logentry", "pk": 105, "fields": {"action_time": "2023-12-08T09:37:25.603Z", "user": 1, "content_type": 13, "object_id": "51", "object_repr": "Сетки на флексах и гридах", "action_flag": 1, "change_message": "[{\"added\": {}}]"}}, {"model": "admin.logentry", "pk": 106, "fields": {"action_time": "2023-12-08T09:37:38.678Z", "user": 1, "content_type": 13, "object_id": "52", "object_repr": "Сетки на флексах и гридах", "action_flag": 1, "change_message": "[{\"added\": {}}]"}}, {"model": "admin.logentry", "pk": 107, "fields": {"action_time": "2023-12-08T09:37:56.383Z", "user": 1, "content_type": 13, "object_id": "53", "object_repr": "Адаптивные сетки", "action_flag": 1, "change_message": "[{\"added\": {}}]"}}, {"model": "admin.logentry", "pk": 108, "fields": {"action_time": "2023-12-08T09:38:08.553Z", "user": 1, "content_type": 13, "object_id": "54", "object_repr": "Адаптивные сетки", "action_flag": 1, "change_message": "[{\"added\": {}}]"}}, {"model": "admin.logentry", "pk": 109, "fields": {"action_time": "2023-12-08T09:41:15.149Z", "user": 1, "content_type": 13, "object_id": "55", "object_repr": "Адаптивная графика", "action_flag": 1, "change_message": "[{\"added\": {}}]"}}, {"model": "admin.logentry", "pk": 110, "fields": {"action_time": "2023-12-08T09:41:28.502Z", "user": 1, "content_type": 13, "object_id": "56", "object_repr": "Адаптивная графика", "action_flag": 1, "change_message": "[{\"added\": {}}]"}}, {"model": "admin.logentry", "pk": 111, "fields": {"action_time": "2023-12-08T09:41:45.277Z", "user": 1, "content_type": 13, "object_id": "57", "object_repr": "Векторная графика", "action_flag": 1, "change_message": "[{\"added\": {}}]"}}, {"model": "admin.logentry", "pk": 112, "fields": {"action_time": "2023-12-08T09:41:59.777Z", "user": 1, "content_type": 13, "object_id": "58", "object_repr": "Векторная графика", "action_flag": 1, "change_message": "[{\"added\": {}}]"}}, {"model": "admin.logentry", "pk": 113, "fields": {"action_time": "2023-12-08T09:42:21.546Z", "user": 1, "content_type": 13, "object_id": "59", "object_repr": "Разметка страниц", "action_flag": 1, "change_message": "[{\"added\": {}}]"}}, {"model": "admin.logentry", "pk": 114, "fields": {"action_time": "2023-12-08T09:42:33.157Z", "user": 1, "content_type": 13, "object_id": "60", "object_repr": "Разметка страниц", "action_flag": 1, "change_message": "[{\"added\": {}}]"}}, {"model": "admin.logentry", "pk": 115, "fields": {"action_time": "2023-12-08T09:42:51.654Z", "user": 1, "content_type": 13, "object_id": "61", "object_repr": "Понимание процесса верстки", "action_flag": 1, "change_message": "[{\"added\": {}}]"}}, {"model": "admin.logentry", "pk": 116, "fields": {"action_time": "2023-12-08T09:43:05.354Z", "user": 1, "content_type": 13, "object_id": "62", "object_repr": "Понимание процесса верстки", "action_flag": 1, "change_message": "[{\"added\": {}}]"}}, {"model": "admin.logentry", "pk": 117, "fields": {"action_time": "2023-12-08T09:43:34.785Z", "user": 1, "content_type": 13, "object_id": "63", "object_repr": "Связь CSS и JavaScript", "action_flag": 1, "change_message": "[{\"added\": {}}]"}}, {"model": "admin.logentry", "pk": 118, "fields": {"action_time": "2023-12-08T09:43:47.849Z", "user": 1, "content_type": 13, "object_id": "64", "object_repr": "Связь CSS и JavaScript", "action_flag": 1, "change_message": "[{\"added\": {}}]"}}, {"model": "admin.logentry", "pk": 119, "fields": {"action_time": "2023-12-08T09:44:07.361Z", "user": 1, "content_type": 13, "object_id": "65", "object_repr": "Понимание работы JavaScript с версткой", "action_flag": 1, "change_message": "[{\"added\": {}}]"}}, {"model": "admin.logentry", "pk": 120, "fields": {"action_time": "2023-12-08T09:44:19.337Z", "user": 1, "content_type": 13, "object_id": "66", "object_repr": "Понимание работы JavaScript с версткой", "action_flag": 1, "change_message": "[{\"added\": {}}]"}}, {"model": "admin.logentry", "pk": 121, "fields": {"action_time": "2023-12-08T10:05:00.262Z", "user": 1, "content_type": 12, "object_id": "8", "object_repr": "Дизайн sen", "action_flag": 1, "change_message": "[{\"added\": {}}]"}}, {"model": "admin.logentry", "pk": 122, "fields": {"action_time": "2023-12-08T10:09:09.011Z", "user": 1, "content_type": 7, "object_id": "2", "object_repr": "Профайл user", "action_flag": 2, "change_message": "[]"}}, {"model": "admin.logentry", "pk": 123, "fields": {"action_time": "2023-12-08T10:09:19.910Z", "user": 1, "content_type": 7, "object_id": "3", "object_repr": "Профайл admin", "action_flag": 1, "change_message": "[{\"added\": {}}]"}}, {"model": "admin.logentry", "pk": 124, "fields": {"action_time": "2023-12-08T10:09:35.577Z", "user": 1, "content_type": 6, "object_id": "12", "object_repr": "test", "action_flag": 2, "change_message": "[{\"changed\": {\"fields\": [\"Active\"]}}]"}}, {"model": "admin.logentry", "pk": 125, "fields": {"action_time": "2023-12-08T10:09:51.697Z", "user": 1, "content_type": 8, "object_id": "2", "object_repr": "Пользователь Профайл admin", "action_flag": 1, "change_message": "[{\"added\": {}}]"}}, {"model": "admin.logentry", "pk": 126, "fields": {"action_time": "2023-12-08T10:11:36.360Z", "user": 1, "content_type": 7, "object_id": "4", "object_repr": "Профайл test", "action_flag": 1, "change_message": "[{\"added\": {}}]"}}, {"model": "admin.logentry", "pk": 127, "fields": {"action_time": "2023-12-08T10:11:46.100Z", "user": 1, "content_type": 7, "object_id": "4", "object_repr": "Профайл test", "action_flag": 2, "change_message": "[{\"changed\": {\"fields\": [\"\\u0416\\u0435\\u043b\\u0430\\u0435\\u043c\\u044b\\u0439 \\u0443\\u0440\\u043e\\u0432\\u0435\\u043d\\u044c\"]}}]"}}, {"model": "admin.logentry", "pk": 128, "fields": {"action_time": "2023-12-08T10:12:34.122Z", "user": 1, "content_type": 8, "object_id": "3", "object_repr": "Пользователь Профайл test", "action_flag": 1, "change_message": "[{\"added\": {}}]"}}, {"model": "admin.logentry", "pk": 129, "fields": {"action_time": "2023-12-08T10:12:45.208Z", "user": 1, "content_type": 8, "object_id": "4", "object_repr": "Пользователь Профайл test", "action_flag": 1, "change_message": "[{\"added\": {}}]"}}, {"model": "admin.logentry", "pk": 130, "fields": {"action_time": "2023-12-08T10:12:54.934Z", "user": 1, "content_type": 8, "object_id": "5", "object_repr": "Пользователь Профайл test", "action_flag": 1, "change_message": "[{\"added\": {}}]"}}, {"model": "admin.logentry", "pk": 131, "fields": {"action_time": "2023-12-08T10:13:05.276Z", "user": 1, "content_type": 8, "object_id": "6", "object_repr": "Пользователь Профайл test", "action_flag": 1, "change_message": "[{\"added\": {}}]"}}, {"model": "admin.logentry", "pk": 132, "fields": {"action_time": "2023-12-08T10:13:17.496Z", "user": 1, "content_type": 8, "object_id": "7", "object_repr": "Пользователь Профайл test", "action_flag": 1, "change_message": "[{\"added\": {}}]"}}, {"model": "admin.logentry", "pk": 133, "fields": {"action_time": "2023-12-08T10:21:41.771Z", "user": 1, "content_type": 7, "object_id": "4", "object_repr": "Профайл test", "action_flag": 2, "change_message": "[{\"added\": {\"name\": \"\\u0420\\u0435\\u0441\\u0443\\u0440\\u0441 \\u043f\\u043e\\u043b\\u044c\\u0437\\u043e\\u0432\\u0430\\u0442\\u0435\\u043b\\u044f\", \"object\": \"\\u041f\\u0440\\u043e\\u0444\\u0430\\u0439\\u043b test \\u0440\\u0435\\u0441\\u0443\\u0440\\u0441 course process.\"}}]"}}, {"model": "admin.logentry", "pk": 134, "fields": {"action_time": "2023-12-08T10:31:03.901Z", "user": 1, "content_type": 8, "object_id": "8", "object_repr": "Пользователь Профайл admin", "action_flag": 1, "change_message": "[{\"added\": {}}]"}}, {"model": "admin.logentry", "pk": 135, "fields": {"action_time": "2023-12-08T10:31:12.533Z", "user": 1, "content_type": 8, "object_id": "9", "object_repr": "Пользователь Профайл admin", "action_flag": 1, "change_message": "[{\"added\": {}}]"}}, {"model": "admin.logentry", "pk": 136, "fields": {"action_time": "2023-12-08T10:31:22.976Z", "user": 1, "content_type": 8, "object_id": "10", "object_repr": "Пользователь Профайл admin", "action_flag": 1, "change_message": "[{\"added\": {}}]"}}, {"model": "admin.logentry", "pk": 137, "fields": {"action_time": "2023-12-08T10:31:31.451Z", "user": 1, "content_type": 8, "object_id": "11", "object_repr": "Пользователь Профайл admin", "action_flag": 1, "change_message": "[{\"added\": {}}]"}}, {"model": "admin.logentry", "pk": 138, "fields": {"action_time": "2023-12-08T10:31:40.024Z", "user": 1, "content_type": 8, "object_id": "12", "object_repr": "Пользователь Профайл admin", "action_flag": 1, "change_message": "[{\"added\": {}}]"}}, {"model": "admin.logentry", "pk": 139, "fields": {"action_time": "2023-12-08T10:31:57.162Z", "user": 1, "content_type": 8, "object_id": "13", "object_repr": "Пользователь Профайл admin", "action_flag": 1, "change_message": "[{\"added\": {}}]"}}, {"model": "admin.logentry", "pk": 140, "fields": {"action_time": "2023-12-08T10:32:05.621Z", "user": 1, "content_type": 8, "object_id": "14", "object_repr": "Пользователь Профайл admin", "action_flag": 1, "change_message": "[{\"added\": {}}]"}}, {"model": "admin.logentry", "pk": 141, "fields": {"action_time": "2023-12-08T11:05:30.314Z", "user": 1, "content_type": 6, "object_id": "13", "object_repr": "sic21", "action_flag": 2, "change_message": "[{\"changed\": {\"fields\": [\"Active\"]}}]"}}, {"model": "admin.logentry", "pk": 142, "fields": {"action_time": "2023-12-08T11:10:46.814Z", "user": 1, "content_type": 8, "object_id": "3", "object_repr": "Пользователь Профайл test", "action_flag": 2, "change_message": "[{\"changed\": {\"fields\": [\"\\u0414\\u0430\\u0442\\u0430 \\u043d\\u0430\\u0447\\u0430\\u043b\\u0430 \\u0434\\u0435\\u0439\\u0441\\u0442\\u0432\\u0438\\u044f \\u043d\\u0430\\u0432\\u044b\\u043a\\u0430\"]}}]"}}, {"model": "admin.logentry", "pk": 143, "fields": {"action_time": "2023-12-08T11:10:53.600Z", "user": 1, "content_type": 8, "object_id": "4", "object_repr": "Пользователь Профайл test", "action_flag": 2, "change_message": "[{\"changed\": {\"fields\": [\"\\u0414\\u0430\\u0442\\u0430 \\u043d\\u0430\\u0447\\u0430\\u043b\\u0430 \\u0434\\u0435\\u0439\\u0441\\u0442\\u0432\\u0438\\u044f \\u043d\\u0430\\u0432\\u044b\\u043a\\u0430\"]}}]"}}, {"model": "admin.logentry", "pk": 144, "fields": {"action_time": "2023-12-08T11:10:59.112Z", "user": 1, "content_type": 8, "object_id": "5", "object_repr": "Пользователь Профайл test", "action_flag": 2, "change_message": "[{\"changed\": {\"fields\": [\"\\u0414\\u0430\\u0442\\u0430 \\u043d\\u0430\\u0447\\u0430\\u043b\\u0430 \\u0434\\u0435\\u0439\\u0441\\u0442\\u0432\\u0438\\u044f \\u043d\\u0430\\u0432\\u044b\\u043a\\u0430\"]}}]"}}, {"model": "admin.logentry", "pk": 145, "fields": {"action_time": "2023-12-08T11:11:04.062Z", "user": 1, "content_type": 8, "object_id": "6", "object_repr": "Пользователь Профайл test", "action_flag": 2, "change_message": "[{\"changed\": {\"fields\": [\"\\u0414\\u0430\\u0442\\u0430 \\u043d\\u0430\\u0447\\u0430\\u043b\\u0430 \\u0434\\u0435\\u0439\\u0441\\u0442\\u0432\\u0438\\u044f \\u043d\\u0430\\u0432\\u044b\\u043a\\u0430\"]}}]"}}, {"model": "admin.logentry", "pk": 146, "fields": {"action_time": "2023-12-08T11:11:09.640Z", "user": 1, "content_type": 8, "object_id": "7", "object_repr": "Пользователь Профайл test", "action_flag": 2, "change_message": "[{\"changed\": {\"fields\": [\"\\u0414\\u0430\\u0442\\u0430 \\u043d\\u0430\\u0447\\u0430\\u043b\\u0430 \\u0434\\u0435\\u0439\\u0441\\u0442\\u0432\\u0438\\u044f \\u043d\\u0430\\u0432\\u044b\\u043a\\u0430\"]}}]"}}, {"model": "admin.logentry", "pk": 147, "fields": {"action_time": "2023-12-08T11:12:24.479Z", "user": 1, "content_type": 7, "object_id": "2", "object_repr": "Профайл user", "action_flag": 2, "change_message": "[{\"added\": {\"name\": \"\\u0420\\u0435\\u0441\\u0443\\u0440\\u0441 \\u043f\\u043e\\u043b\\u044c\\u0437\\u043e\\u0432\\u0430\\u0442\\u0435\\u043b\\u044f\", \"object\": \"\\u041f\\u0440\\u043e\\u0444\\u0430\\u0439\\u043b user \\u0440\\u0435\\u0441\\u0443\\u0440\\u0441 article done.\"}}]"}}, {"model": "admin.logentry", "pk": 148, "fields": {"action_time": "2023-12-08T12:08:16.901Z", "user": 1, "content_type": 13, "object_id": "67", "object_repr": "Креативное мышление", "action_flag": 1, "change_message": "[{\"added\": {}}]"}}, {"model": "admin.logentry", "pk": 149, "fields": {"action_time": "2023-12-08T12:08:53.570Z", "user": 1, "content_type": 13, "object_id": "68", "object_repr": "Креативное мышление", "action_flag": 1, "change_message": "[{\"added\": {}}]"}}, {"model": "admin.logentry", "pk": 150, "fields": {"action_time": "2023-12-08T12:09:22.442Z", "user": 1, "content_type": 13, "object_id": "69", "object_repr": "Стрессоустойчивость", "action_flag": 1, "change_message": "[{\"added\": {}}]"}}, {"model": "admin.logentry", "pk": 151, "fields": {"action_time": "2023-12-08T12:09:46.274Z", "user": 1, "content_type": 13, "object_id": "70", "object_repr": "Стрессоустойчивость", "action_flag": 1, "change_message": "[{\"added\": {}}]"}}, {"model": "admin.logentry", "pk": 152, "fields": {"action_time": "2023-12-08T12:10:09.791Z", "user": 1, "content_type": 13, "object_id": "71", "object_repr": "Самоорганизованность", "action_flag": 1, "change_message": "[{\"added\": {}}]"}}, {"model": "admin.logentry", "pk": 153, "fields": {"action_time": "2023-12-08T12:10:40.622Z", "user": 1, "content_type": 13, "object_id": "72", "object_repr": "Самоорганизованность", "action_flag": 1, "change_message": "[{\"added\": {}}]"}}, {"model": "admin.logentry", "pk": 154, "fields": {"action_time": "2023-12-08T12:11:06.367Z", "user": 1, "content_type": 13, "object_id": "73", "object_repr": "Умение отстаивать свою позицию", "action_flag": 1, "change_message": "[{\"added\": {}}]"}}, {"model": "admin.logentry", "pk": 155, "fields": {"action_time": "2023-12-08T12:11:27.422Z", "user": 1, "content_type": 13, "object_id": "74", "object_repr": "Умение отстаивать свою позицию", "action_flag": 1, "change_message": "[{\"added\": {}}]"}}, {"model": "admin.logentry", "pk": 156, "fields": {"action_time": "2023-12-08T12:12:32.170Z", "user": 1, "content_type": 13, "object_id": "75", "object_repr": "Внимательность к деталям", "action_flag": 1, "change_message": "[{\"added\": {}}]"}}, {"model": "admin.logentry", "pk": 157, "fields": {"action_time": "2023-12-08T12:13:10.435Z", "user": 1, "content_type": 13, "object_id": "76", "object_repr": "Внимательность к деталям", "action_flag": 1, "change_message": "[{\"added\": {}}]"}}, {"model": "admin.logentry", "pk": 158, "fields": {"action_time": "2023-12-08T12:13:33.919Z", "user": 1, "content_type": 13, "object_id": "77", "object_repr": "Самообучение", "action_flag": 1, "change_message": "[{\"added\": {}}]"}}, {"model": "admin.logentry", "pk": 159, "fields": {"action_time": "2023-12-08T12:13:59.047Z", "user": 1, "content_type": 13, "object_id": "78", "object_repr": "Самообучение", "action_flag": 1, "change_message": "[{\"added\": {}}]"}}, {"model": "admin.logentry", "pk": 160, "fields": {"action_time": "2023-12-08T12:14:24.998Z", "user": 1, "content_type": 13, "object_id": "79", "object_repr": "Умение устанавливать приоритеты", "action_flag": 1, "change_message": "[{\"added\": {}}]"}}, {"model": "admin.logentry", "pk": 161, "fields": {"action_time": "2023-12-08T12:14:47.446Z", "user": 1, "content_type": 13, "object_id": "80", "object_repr": "Умение устанавливать приоритеты", "action_flag": 1, "change_message": "[{\"added\": {}}]"}}, {"model": "admin.logentry", "pk": 162, "fields": {"action_time": "2023-12-08T12:15:12.891Z", "user": 1, "content_type": 13, "object_id": "81", "object_repr": "Чувство ответственности", "action_flag": 1, "change_message": "[{\"added\": {}}]"}}, {"model": "admin.logentry", "pk": 163, "fields": {"action_time": "2023-12-08T12:15:37.157Z", "user": 1, "content_type": 13, "object_id": "82", "object_repr": "Чувство ответственности", "action_flag": 1, "change_message": "[{\"added\": {}}]"}}, {"model": "admin.logentry", "pk": 164, "fields": {"action_time": "2023-12-08T12:15:57.428Z", "user": 1, "content_type": 13, "object_id": "83", "object_repr": "Гибкость мышления", "action_flag": 1, "change_message": "[{\"added\": {}}]"}}, {"model": "admin.logentry", "pk": 165, "fields": {"action_time": "2023-12-08T13:46:44.991Z", "user": 1, "content_type": 13, "object_id": "15", "object_repr": "Варианты пар шрифтов", "action_flag": 2, "change_message": "[{\"changed\": {\"fields\": [\"\\u041e\\u043f\\u0438\\u0441\\u0430\\u043d\\u0438\\u0435\"]}}]"}}, {"model": "admin.logentry", "pk": 166, "fields": {"action_time": "2023-12-08T13:49:20.099Z", "user": 1, "content_type": 13, "object_id": "9", "object_repr": "Подбор шрифтов для заголовков", "action_flag": 2, "change_message": "[{\"changed\": {\"fields\": [\"\\u041e\\u043f\\u0438\\u0441\\u0430\\u043d\\u0438\\u0435\"]}}]"}}, {"model": "admin.logentry", "pk": 167, "fields": {"action_time": "2023-12-08T13:57:02.966Z", "user": 1, "content_type": 13, "object_id": "9", "object_repr": "Подбор шрифтов для заголовков", "action_flag": 2, "change_message": "[{\"changed\": {\"fields\": [\"\\u041e\\u043f\\u0438\\u0441\\u0430\\u043d\\u0438\\u0435\", \"\\u0421\\u0444\\u0435\\u0440\\u0430 \\u0440\\u0430\\u0431\\u043e\\u0442\\u044b\"]}}]"}}, {"model": "admin.logentry", "pk": 168, "fields": {"action_time": "2023-12-08T13:57:14.300Z", "user": 1, "content_type": 13, "object_id": "13", "object_repr": "Подбор шрифтов для заголовков", "action_flag": 2, "change_message": "[{\"changed\": {\"fields\": [\"\\u041e\\u043f\\u0438\\u0441\\u0430\\u043d\\u0438\\u0435\"]}}]"}}, {"model": "admin.logentry", "pk": 169, "fields": {"action_time": "2023-12-08T14:00:53.957Z", "user": 1, "content_type": 13, "object_id": "10", "object_repr": "Подбор шрифтов для основного текста", "action_flag": 2, "change_message": "[{\"changed\": {\"fields\": [\"\\u041e\\u043f\\u0438\\u0441\\u0430\\u043d\\u0438\\u0435\"]}}]"}}, {"model": "admin.logentry", "pk": 170, "fields": {"action_time": "2023-12-08T14:03:12.822Z", "user": 1, "content_type": 13, "object_id": "14", "object_repr": "Подбор шрифтов для основного текста", "action_flag": 2, "change_message": "[{\"changed\": {\"fields\": [\"\\u041e\\u043f\\u0438\\u0441\\u0430\\u043d\\u0438\\u0435\"]}}]"}}, {"model": "admin.logentry", "pk": 171, "fields": {"action_time": "2023-12-08T14:06:30.652Z", "user": 1, "content_type": 13, "object_id": "11", "object_repr": "Подбор шрифтов для вспомогательного текста", "action_flag": 2, "change_message": "[{\"changed\": {\"fields\": [\"\\u041e\\u043f\\u0438\\u0441\\u0430\\u043d\\u0438\\u0435\"]}}]"}}, {"model": "admin.logentry", "pk": 172, "fields": {"action_time": "2023-12-08T14:10:18.995Z", "user": 1, "content_type": 13, "object_id": "12", "object_repr": "Подбор шрифтов для вспомогательного текста", "action_flag": 2, "change_message": "[{\"changed\": {\"fields\": [\"\\u041e\\u043f\\u0438\\u0441\\u0430\\u043d\\u0438\\u0435\"]}}]"}}, {"model": "admin.logentry", "pk": 173, "fields": {"action_time": "2023-12-08T14:13:40.332Z", "user": 1, "content_type": 13, "object_id": "16", "object_repr": "Варианты пар шрифтов", "action_flag": 2, "change_message": "[{\"changed\": {\"fields\": [\"\\u041e\\u043f\\u0438\\u0441\\u0430\\u043d\\u0438\\u0435\"]}}]"}}, {"model": "admin.logentry", "pk": 174, "fields": {"action_time": "2023-12-08T14:16:37.274Z", "user": 1, "content_type": 13, "object_id": "17", "object_repr": "Шрифты с засечками", "action_flag": 2, "change_message": "[{\"changed\": {\"fields\": [\"\\u041e\\u043f\\u0438\\u0441\\u0430\\u043d\\u0438\\u0435\"]}}]"}}, {"model": "admin.logentry", "pk": 175, "fields": {"action_time": "2023-12-08T14:17:52.869Z", "user": 1, "content_type": 13, "object_id": "18", "object_repr": "Шрифты с засечками", "action_flag": 2, "change_message": "[{\"changed\": {\"fields\": [\"\\u041e\\u043f\\u0438\\u0441\\u0430\\u043d\\u0438\\u0435\"]}}]"}}, {"model": "admin.logentry", "pk": 176, "fields": {"action_time": "2023-12-08T14:22:32.805Z", "user": 1, "content_type": 13, "object_id": "19", "object_repr": "Подбор расположения текста", "action_flag": 2, "change_message": "[{\"changed\": {\"fields\": [\"\\u041e\\u043f\\u0438\\u0441\\u0430\\u043d\\u0438\\u0435\"]}}]"}}, {"model": "admin.logentry", "pk": 177, "fields": {"action_time": "2023-12-08T14:24:36.290Z", "user": 1, "content_type": 13, "object_id": "20", "object_repr": "Подбор расположения текста", "action_flag": 2, "change_message": "[{\"changed\": {\"fields\": [\"\\u041e\\u043f\\u0438\\u0441\\u0430\\u043d\\u0438\\u0435\"]}}]"}}, {"model": "admin.logentry", "pk": 178, "fields": {"action_time": "2023-12-08T14:27:03.268Z", "user": 1, "content_type": 13, "object_id": "21", "object_repr": "Подбор взаимного расположения текста и иллюстраций", "action_flag": 2, "change_message": "[{\"changed\": {\"fields\": [\"\\u041e\\u043f\\u0438\\u0441\\u0430\\u043d\\u0438\\u0435\"]}}]"}}, {"model": "admin.logentry", "pk": 179, "fields": {"action_time": "2023-12-08T14:29:43.774Z", "user": 1, "content_type": 13, "object_id": "22", "object_repr": "Подбор взаимного расположения текста и иллюстраций", "action_flag": 2, "change_message": "[{\"changed\": {\"fields\": [\"\\u041e\\u043f\\u0438\\u0441\\u0430\\u043d\\u0438\\u0435\"]}}]"}}, {"model": "admin.logentry", "pk": 180, "fields": {"action_time": "2023-12-08T15:37:57.869Z", "user": 1, "content_type": 13, "object_id": "23", "object_repr": "Подбор оптимальной длины строк", "action_flag": 2, "change_message": "[{\"changed\": {\"fields\": [\"\\u041e\\u043f\\u0438\\u0441\\u0430\\u043d\\u0438\\u0435\"]}}]"}}, {"model": "admin.logentry", "pk": 181, "fields": {"action_time": "2023-12-08T15:41:31.585Z", "user": 1, "content_type": 13, "object_id": "24", "object_repr": "Подбор оптимальной длины строк", "action_flag": 2, "change_message": "[{\"changed\": {\"fields\": [\"\\u041e\\u043f\\u0438\\u0441\\u0430\\u043d\\u0438\\u0435\"]}}]"}}, {"model": "admin.logentry", "pk": 182, "fields": {"action_time": "2023-12-08T15:52:32.896Z", "user": 1, "content_type": 13, "object_id": "25", "object_repr": "Наиболее часто используемые символы и знаки", "action_flag": 2, "change_message": "[{\"changed\": {\"fields\": [\"\\u041e\\u043f\\u0438\\u0441\\u0430\\u043d\\u0438\\u0435\"]}}]"}}, {"model": "admin.logentry", "pk": 183, "fields": {"action_time": "2023-12-08T15:52:47.103Z", "user": 1, "content_type": 13, "object_id": "26", "object_repr": "Наиболее часто используемые символы и знаки", "action_flag": 2, "change_message": "[{\"changed\": {\"fields\": [\"\\u041e\\u043f\\u0438\\u0441\\u0430\\u043d\\u0438\\u0435\"]}}]"}}, {"model": "admin.logentry", "pk": 184, "fields": {"action_time": "2023-12-08T16:00:50.539Z", "user": 1, "content_type": 13, "object_id": "27", "object_repr": "Рекомендации по использованию шрифтов", "action_flag": 2, "change_message": "[{\"changed\": {\"fields\": [\"\\u041e\\u043f\\u0438\\u0441\\u0430\\u043d\\u0438\\u0435\"]}}]"}}, {"model": "admin.logentry", "pk": 185, "fields": {"action_time": "2023-12-08T16:03:41.330Z", "user": 1, "content_type": 13, "object_id": "27", "object_repr": "Рекомендации по использованию шрифтов", "action_flag": 2, "change_message": "[{\"changed\": {\"fields\": [\"\\u041e\\u043f\\u0438\\u0441\\u0430\\u043d\\u0438\\u0435\"]}}]"}}, {"model": "admin.logentry", "pk": 186, "fields": {"action_time": "2023-12-08T16:04:08.706Z", "user": 1, "content_type": 13, "object_id": "28", "object_repr": "Рекомендации по использованию шрифтов", "action_flag": 2, "change_message": "[{\"changed\": {\"fields\": [\"\\u041e\\u043f\\u0438\\u0441\\u0430\\u043d\\u0438\\u0435\"]}}]"}}, {"model": "admin.logentry", "pk": 187, "fields": {"action_time": "2023-12-09T18:52:40.651Z", "user": 1, "content_type": 7, "object_id": "3", "object_repr": "Профайл admin", "action_flag": 3, "change_message": ""}}, {"model": "admin.logentry", "pk": 188, "fields": {"action_time": "2023-12-09T18:53:18.321Z", "user": 1, "content_type": 7, "object_id": "5", "object_repr": "Профайл admin", "action_flag": 3, "change_message": ""}}, {"model": "admin.logentry", "pk": 189, "fields": {"action_time": "2023-12-09T18:59:20.817Z", "user": 1, "content_type": 7, "object_id": "6", "object_repr": "Профайл admin", "action_flag": 3, "change_message": ""}}, {"model": "admin.logentry", "pk": 190, "fields": {"action_time": "2023-12-09T19:01:36.533Z", "user": 1, "content_type": 7, "object_id": "7", "object_repr": "Профайл admin", "action_flag": 3, "change_message": ""}}, {"model": "admin.logentry", "pk": 191, "fields": {"action_time": "2023-12-09T19:12:00.712Z", "user": 1, "content_type": 7, "object_id": "8", "object_repr": "Профайл admin", "action_flag": 3, "change_message": ""}}, {"model": "admin.logentry", "pk": 192, "fields": {"action_time": "2023-12-09T19:18:11.870Z", "user": 1, "content_type": 8, "object_id": "16", "object_repr": "Пользователь Профайл admin", "action_flag": 1, "change_message": "[{\"added\": {}}]"}}, {"model": "admin.logentry", "pk": 193, "fields": {"action_time": "2023-12-09T19:21:31.679Z", "user": 1, "content_type": 8, "object_id": "17", "object_repr": "Пользователь Профайл admin", "action_flag": 1, "change_message": "[{\"added\": {}}]"}}, {"model": "admin.logentry", "pk": 194, "fields": {"action_time": "2023-12-09T19:21:40.485Z", "user": 1, "content_type": 8, "object_id": "18", "object_repr": "Пользователь Профайл admin", "action_flag": 1, "change_message": "[{\"added\": {}}]"}}, {"model": "admin.logentry", "pk": 195, "fields": {"action_time": "2023-12-09T19:25:32.562Z", "user": 1, "content_type": 7, "object_id": "9", "object_repr": "Профайл admin", "action_flag": 3, "change_message": ""}}, {"model": "admin.logentry", "pk": 196, "fields": {"action_time": "2023-12-09T19:27:07.330Z", "user": 1, "content_type": 7, "object_id": "10", "object_repr": "Профайл admin", "action_flag": 3, "change_message": ""}}, {"model": "admin.logentry", "pk": 197, "fields": {"action_time": "2023-12-09T19:33:40.496Z", "user": 1, "content_type": 7, "object_id": "11", "object_repr": "Профайл admin", "action_flag": 3, "change_message": ""}}, {"model": "admin.logentry", "pk": 198, "fields": {"action_time": "2023-12-09T19:34:01.526Z", "user": 1, "content_type": 7, "object_id": "12", "object_repr": "Профайл admin", "action_flag": 3, "change_message": ""}}, {"model": "admin.logentry", "pk": 199, "fields": {"action_time": "2023-12-09T19:39:29.229Z", "user": 1, "content_type": 7, "object_id": "13", "object_repr": "Профайл admin", "action_flag": 3, "change_message": ""}}, {"model": "admin.logentry", "pk": 200, "fields": {"action_time": "2023-12-09T19:41:12.451Z", "user": 1, "content_type": 16, "object_id": "1", "object_repr": "user", "action_flag": 3, "change_message": ""}}, {"model": "admin.logentry", "pk": 201, "fields": {"action_time": "2023-12-09T19:43:23.455Z", "user": 1, "content_type": 7, "object_id": "14", "object_repr": "Профайл admin", "action_flag": 3, "change_message": ""}}, {"model": "admin.logentry", "pk": 202, "fields": {"action_time": "2023-12-09T19:44:22.452Z", "user": 1, "content_type": 7, "object_id": "15", "object_repr": "Профайл admin", "action_flag": 3, "change_message": ""}}, {"model": "admin.logentry", "pk": 203, "fields": {"action_time": "2023-12-09T19:58:11.749Z", "user": 1, "content_type": 7, "object_id": "16", "object_repr": "Профайл admin", "action_flag": 3, "change_message": ""}}, {"model": "admin.logentry", "pk": 204, "fields": {"action_time": "2023-12-10T07:48:45.453Z", "user": 1, "content_type": 7, "object_id": "17", "object_repr": "Профайл admin", "action_flag": 1, "change_message": "[{\"added\": {}}]"}}, {"model": "admin.logentry", "pk": 205, "fields": {"action_time": "2023-12-10T07:48:58.280Z", "user": 1, "content_type": 8, "object_id": "43", "object_repr": "Пользователь Профайл admin", "action_flag": 1, "change_message": "[{\"added\": {}}]"}}, {"model": "admin.logentry", "pk": 206, "fields": {"action_time": "2023-12-10T08:09:17.748Z", "user": 1, "content_type": 8, "object_id": "44", "object_repr": "Пользователь Профайл admin", "action_flag": 1, "change_message": "[{\"added\": {}}]"}}, {"model": "admin.logentry", "pk": 207, "fields": {"action_time": "2023-12-10T08:09:28.854Z", "user": 1, "content_type": 8, "object_id": "45", "object_repr": "Пользователь Профайл admin", "action_flag": 1, "change_message": "[{\"added\": {}}]"}}, {"model": "admin.logentry", "pk": 208, "fields": {"action_time": "2023-12-10T08:09:40.258Z", "user": 1, "content_type": 8, "object_id": "46", "object_repr": "Пользователь Профайл admin", "action_flag": 1, "change_message": "[{\"added\": {}}]"}}, {"model": "admin.logentry", "pk": 209, "fields": {"action_time": "2023-12-10T13:19:34.028Z", "user": 1, "content_type": 7, "object_id": "17", "object_repr": "Профайл admin", "action_flag": 2, "change_message": "[{\"added\": {\"name\": \"\\u0420\\u0435\\u0441\\u0443\\u0440\\u0441 \\u043f\\u043e\\u043b\\u044c\\u0437\\u043e\\u0432\\u0430\\u0442\\u0435\\u043b\\u044f\", \"object\": \"\\u041f\\u0440\\u043e\\u0444\\u0430\\u0439\\u043b admin \\u0440\\u0435\\u0441\\u0443\\u0440\\u0441 course done.\"}}]"}}, {"model": "admin.logentry", "pk": 210, "fields": {"action_time": "2023-12-10T19:42:10.368Z", "user": 1, "content_type": 7, "object_id": "17", "object_repr": "Профайл admin", "action_flag": 3, "change_message": ""}}, {"model": "admin.logentry", "pk": 211, "fields": {"action_time": "2023-12-10T19:45:03.776Z", "user": 1, "content_type": 7, "object_id": "18", "object_repr": "Профайл admin", "action_flag": 1, "change_message": "[{\"added\": {}}]"}}, {"model": "admin.logentry", "pk": 212, "fields": {"action_time": "2023-12-10T20:24:53.980Z", "user": 1, "content_type": 7, "object_id": "18", "object_repr": "Профайл admin", "action_flag": 3, "change_message": ""}}, {"model": "admin.logentry", "pk": 213, "fields": {"action_time": "2023-12-10T20:26:32.495Z", "user": 1, "content_type": 7, "object_id": "19", "object_repr": "Профайл admin", "action_flag": 3, "change_message": ""}}, {"model": "auth.permission", "pk": 1, "fields": {"name": "Can add log entry", "content_type": 1, "codename": "add_logentry"}}, {"model": "auth.permission", "pk": 2, "fields": {"name": "Can change log entry", "content_type": 1, "codename": "change_logentry"}}, {"model": "auth.permission", "pk": 3, "fields": {"name": "Can delete log entry", "content_type": 1, "codename": "delete_logentry"}}, {"model": "auth.permission", "pk": 4, "fields": {"name": "Can view log entry", "content_type": 1, "codename": "view_logentry"}}, {"model": "auth.permission", "pk": 5, "fields": {"name": "Can add permission", "content_type": 2, "codename": "add_permission"}}, {"model": "auth.permission", "pk": 6, "fields": {"name": "Can change permission", "content_type": 2, "codename": "change_permission"}}, {"model": "auth.permission", "pk": 7, "fields": {"name": "Can delete permission", "content_type": 2, "codename": "delete_permission"}}, {"model": "auth.permission", "pk": 8, "fields": {"name": "Can view permission", "content_type": 2, "codename": "view_permission"}}, {"model": "auth.permission", "pk": 9, "fields": {"name": "Can add group", "content_type": 3, "codename": "add_group"}}, {"model": "auth.permission", "pk": 10, "fields": {"name": "Can change group", "content_type": 3, "codename": "change_group"}}, {"model": "auth.permission", "pk": 11, "fields": {"name": "Can delete group", "content_type": 3, "codename": "delete_group"}}, {"model": "auth.permission", "pk": 12, "fields": {"name": "Can view group", "content_type": 3, "codename": "view_group"}}, {"model": "auth.permission", "pk": 13, "fields": {"name": "Can add content type", "content_type": 4, "codename": "add_contenttype"}}, {"model": "auth.permission", "pk": 14, "fields": {"name": "Can change content type", "content_type": 4, "codename": "change_contenttype"}}, {"model": "auth.permission", "pk": 15, "fields": {"name": "Can delete content type", "content_type": 4, "codename": "delete_contenttype"}}, {"model": "auth.permission", "pk": 16, "fields": {"name": "Can view content type", "content_type": 4, "codename": "view_contenttype"}}, {"model": "auth.permission", "pk": 17, "fields": {"name": "Can add session", "content_type": 5, "codename": "add_session"}}, {"model": "auth.permission", "pk": 18, "fields": {"name": "Can change session", "content_type": 5, "codename": "change_session"}}, {"model": "auth.permission", "pk": 19, "fields": {"name": "Can delete session", "content_type": 5, "codename": "delete_session"}}, {"model": "auth.permission", "pk": 20, "fields": {"name": "Can view session", "content_type": 5, "codename": "view_session"}}, {"model": "auth.permission", "pk": 21, "fields": {"name": "Can add Пользователь", "content_type": 6, "codename": "add_user"}}, {"model": "auth.permission", "pk": 22, "fields": {"name": "Can change Пользователь", "content_type": 6, "codename": "change_user"}}, {"model": "auth.permission", "pk": 23, "fields": {"name": "Can delete Пользователь", "content_type": 6, "codename": "delete_user"}}, {"model": "auth.permission", "pk": 24, "fields": {"name": "Can view Пользователь", "content_type": 6, "codename": "view_user"}}, {"model": "auth.permission", "pk": 25, "fields": {"name": "Can add Данные пользователя", "content_type": 7, "codename": "add_userprofile"}}, {"model": "auth.permission", "pk": 26, "fields": {"name": "Can change Данные пользователя", "content_type": 7, "codename": "change_userprofile"}}, {"model": "auth.permission", "pk": 27, "fields": {"name": "Can delete Данные пользователя", "content_type": 7, "codename": "delete_userprofile"}}, {"model": "auth.permission", "pk": 28, "fields": {"name": "Can view Данные пользователя", "content_type": 7, "codename": "view_userprofile"}}, {"model": "auth.permission", "pk": 29, "fields": {"name": "Can add Скилл пользователя", "content_type": 8, "codename": "add_userskill"}}, {"model": "auth.permission", "pk": 30, "fields": {"name": "Can change Скилл пользователя", "content_type": 8, "codename": "change_userskill"}}, {"model": "auth.permission", "pk": 31, "fields": {"name": "Can delete Скилл пользователя", "content_type": 8, "codename": "delete_userskill"}}, {"model": "auth.permission", "pk": 32, "fields": {"name": "Can view Скилл пользователя", "content_type": 8, "codename": "view_userskill"}}, {"model": "auth.permission", "pk": 33, "fields": {"name": "Can add Ресурс пользователя", "content_type": 9, "codename": "add_userresources"}}, {"model": "auth.permission", "pk": 34, "fields": {"name": "Can change Ресурс пользователя", "content_type": 9, "codename": "change_userresources"}}, {"model": "auth.permission", "pk": 35, "fields": {"name": "Can delete Ресурс пользователя", "content_type": 9, "codename": "delete_userresources"}}, {"model": "auth.permission", "pk": 36, "fields": {"name": "Can view Ресурс пользователя", "content_type": 9, "codename": "view_userresources"}}, {"model": "auth.permission", "pk": 37, "fields": {"name": "Can add Библиотека ресурсов", "content_type": 10, "codename": "add_resourcelibrary"}}, {"model": "auth.permission", "pk": 38, "fields": {"name": "Can change Библиотека ресурсов", "content_type": 10, "codename": "change_resourcelibrary"}}, {"model": "auth.permission", "pk": 39, "fields": {"name": "Can delete Библиотека ресурсов", "content_type": 10, "codename": "delete_resourcelibrary"}}, {"model": "auth.permission", "pk": 40, "fields": {"name": "Can view Библиотека ресурсов", "content_type": 10, "codename": "view_resourcelibrary"}}, {"model": "auth.permission", "pk": 41, "fields": {"name": "Can add Группа навыка", "content_type": 11, "codename": "add_skillgroup"}}, {"model": "auth.permission", "pk": 42, "fields": {"name": "Can change Группа навыка", "content_type": 11, "codename": "change_skillgroup"}}, {"model": "auth.permission", "pk": 43, "fields": {"name": "Can delete Группа навыка", "content_type": 11, "codename": "delete_skillgroup"}}, {"model": "auth.permission", "pk": 44, "fields": {"name": "Can view Группа навыка", "content_type": 11, "codename": "view_skillgroup"}}, {"model": "auth.permission", "pk": 45, "fields": {"name": "Can add Сфера работы", "content_type": 12, "codename": "add_specialization"}}, {"model": "auth.permission", "pk": 46, "fields": {"name": "Can change Сфера работы", "content_type": 12, "codename": "change_specialization"}}, {"model": "auth.permission", "pk": 47, "fields": {"name": "Can delete Сфера работы", "content_type": 12, "codename": "delete_specialization"}}, {"model": "auth.permission", "pk": 48, "fields": {"name": "Can view Сфера работы", "content_type": 12, "codename": "view_specialization"}}, {"model": "auth.permission", "pk": 49, "fields": {"name": "Can add Навык", "content_type": 13, "codename": "add_skill"}}, {"model": "auth.permission", "pk": 50, "fields": {"name": "Can change Навык", "content_type": 13, "codename": "change_skill"}}, {"model": "auth.permission", "pk": 51, "fields": {"name": "Can delete Навык", "content_type": 13, "codename": "delete_skill"}}, {"model": "auth.permission", "pk": 52, "fields": {"name": "Can view Навык", "content_type": 13, "codename": "view_skill"}}, {"model": "auth.permission", "pk": 53, "fields": {"name": "Can add email address", "content_type": 14, "codename": "add_emailaddress"}}, {"model": "auth.permission", "pk": 54, "fields": {"name": "Can change email address", "content_type": 14, "codename": "change_emailaddress"}}, {"model": "auth.permission", "pk": 55, "fields": {"name": "Can delete email address", "content_type": 14, "codename": "delete_emailaddress"}}, {"model": "auth.permission", "pk": 56, "fields": {"name": "Can view email address", "content_type": 14, "codename": "view_emailaddress"}}, {"model": "auth.permission", "pk": 57, "fields": {"name": "Can add email confirmation", "content_type": 15, "codename": "add_emailconfirmation"}}, {"model": "auth.permission", "pk": 58, "fields": {"name": "Can change email confirmation", "content_type": 15, "codename": "change_emailconfirmation"}}, {"model": "auth.permission", "pk": 59, "fields": {"name": "Can delete email confirmation", "content_type": 15, "codename": "delete_emailconfirmation"}}, {"model": "auth.permission", "pk": 60, "fields": {"name": "Can view email confirmation", "content_type": 15, "codename": "view_emailconfirmation"}}, {"model": "auth.permission", "pk": 61, "fields": {"name": "Can add social account", "content_type": 16, "codename": "add_socialaccount"}}, {"model": "auth.permission", "pk": 62, "fields": {"name": "Can change social account", "content_type": 16, "codename": "change_socialaccount"}}, {"model": "auth.permission", "pk": 63, "fields": {"name": "Can delete social account", "content_type": 16, "codename": "delete_socialaccount"}}, {"model": "auth.permission", "pk": 64, "fields": {"name": "Can view social account", "content_type": 16, "codename": "view_socialaccount"}}, {"model": "auth.permission", "pk": 65, "fields": {"name": "Can add social application", "content_type": 17, "codename": "add_socialapp"}}, {"model": "auth.permission", "pk": 66, "fields": {"name": "Can change social application", "content_type": 17, "codename": "change_socialapp"}}, {"model": "auth.permission", "pk": 67, "fields": {"name": "Can delete social application", "content_type": 17, "codename": "delete_socialapp"}}, {"model": "auth.permission", "pk": 68, "fields": {"name": "Can view social application", "content_type": 17, "codename": "view_socialapp"}}, {"model": "auth.permission", "pk": 69, "fields": {"name": "Can add social application token", "content_type": 18, "codename": "add_socialtoken"}}, {"model": "auth.permission", "pk": 70, "fields": {"name": "Can change social application token", "content_type": 18, "codename": "change_socialtoken"}}, {"model": "auth.permission", "pk": 71, "fields": {"name": "Can delete social application token", "content_type": 18, "codename": "delete_socialtoken"}}, {"model": "auth.permission", "pk": 72, "fields": {"name": "Can view social application token", "content_type": 18, "codename": "view_socialtoken"}}, {"model": "contenttypes.contenttype", "pk": 1, "fields": {"app_label": "admin", "model": "logentry"}}, {"model": "contenttypes.contenttype", "pk": 2, "fields": {"app_label": "auth", "model": "permission"}}, {"model": "contenttypes.contenttype", "pk": 3, "fields": {"app_label": "auth", "model": "group"}}, {"model": "contenttypes.contenttype", "pk": 4, "fields": {"app_label": "contenttypes", "model": "contenttype"}}, {"model": "contenttypes.contenttype", "pk": 5, "fields": {"app_label": "sessions", "model": "session"}}, {"model": "contenttypes.contenttype", "pk": 6, "fields": {"app_label": "users", "model": "user"}}, {"model": "contenttypes.contenttype", "pk": 7, "fields": {"app_label": "users", "model": "userprofile"}}, {"model": "contenttypes.contenttype", "pk": 8, "fields": {"app_label": "users", "model": "userskill"}}, {"model": "contenttypes.contenttype", "pk": 9, "fields": {"app_label": "users", "model": "userresources"}}, {"model": "contenttypes.contenttype", "pk": 10, "fields": {"app_label": "skills", "model": "resourcelibrary"}}, {"model": "contenttypes.contenttype", "pk": 11, "fields": {"app_label": "skills", "model": "skillgroup"}}, {"model": "contenttypes.contenttype", "pk": 12, "fields": {"app_label": "skills", "model": "specialization"}}, {"model": "contenttypes.contenttype", "pk": 13, "fields": {"app_label": "skills", "model": "skill"}}, {"model": "contenttypes.contenttype", "pk": 14, "fields": {"app_label": "account", "model": "emailaddress"}}, {"model": "contenttypes.contenttype", "pk": 15, "fields": {"app_label": "account", "model": "emailconfirmation"}}, {"model": "contenttypes.contenttype", "pk": 16, "fields": {"app_label": "socialaccount", "model": "socialaccount"}}, {"model": "contenttypes.contenttype", "pk": 17, "fields": {"app_label": "socialaccount", "model": "socialapp"}}, {"model": "contenttypes.contenttype", "pk": 18, "fields": {"app_label": "socialaccount", "model": "socialtoken"}}, {"model": "sessions.session", "pk": "0pqh7kqsf61y07w5wat8nehydn5o0ac4", "fields": {"session_data": ".eJxVjDkOwjAUBe_iGlm2gR-Hkj5niP5KAsiWslSIu0OkFNC-mXkv1-O6DP0669SP4i4uusPvRsgPLRuQO5Zb9VzLMo3kN8XvdPZdFX1ed_fvYMB5-NaZA2iLx5QxQRBliVECEBrFoAaC2YI0fAIjTKacM1hDagjNOVHr3h8MPjlQ:1rC5p8:QFSbl-QKsm6CEvVbDbqtbAG9LV21SNkZ_s85YtJVxGY", "expire_date": "2023-12-23T22:29:26.157Z"}}, {"model": "sessions.session", "pk": "4bja6vwqyl60ekkfic829dlq1hx3obdv", "fields": {"session_data": "eyJzb2NpYWxhY2NvdW50X3N0YXRlIjpbeyJwcm9jZXNzIjoibG9naW4iLCJzY29wZSI6IiIsImF1dGhfcGFyYW1zIjoiIn0sInVJVVFVODQ1ZHZJNzhtVzAiXX0:1rBAnB:418ZdbK20-SfpdhMGx7PQbk84pC3oN2iu4Fkxd0o5CU", "expire_date": "2023-12-21T09:35:37.139Z"}}, {"model": "sessions.session", "pk": "7tc3urhz1qj1b2shnr5xniu2vv07y7ao", "fields": {"session_data": ".eJxVjDkOwjAUBe_iGlm2gR-Hkj5niP5KAsiWslSIu0OkFNC-mXkv1-O6DP0669SP4i4uusPvRsgPLRuQO5Zb9VzLMo3kN8XvdPZdFX1ed_fvYMB5-NaZA2iLx5QxQRBliVECEBrFoAaC2YI0fAIjTKacM1hDagjNOVHr3h8MPjlQ:1rCGjP:HtbhI3hbJkdpekWHNzC11k0VwxpTxknbGOQf8n50WjU", "expire_date": "2023-12-24T10:08:15.096Z"}}, {"model": "sessions.session", "pk": "95kvtfvegp875s1iyjogxgpix5evs31y", "fields": {"session_data": "eyJzb2NpYWxhY2NvdW50X3N0YXRlIjpbeyJwcm9jZXNzIjoibG9naW4iLCJzY29wZSI6IiIsImF1dGhfcGFyYW1zIjoiIn0sIlQ4a1hnZkx3eW1CMGwzU24iXX0:1rBAmF:UKGyWs4QMi4PiPmwiCpzpd7kfutQm7bjWmuwEChakjA", "expire_date": "2023-12-21T09:34:39.260Z"}}, {"model": "sessions.session", "pk": "e0uld77xtrdwaar4773qpiet90j4edht", "fields": {"session_data": ".eJxVjDkOwjAUBe_iGlm2gR-Hkj5niP5KAsiWslSIu0OkFNC-mXkv1-O6DP0669SP4i4uusPvRsgPLRuQO5Zb9VzLMo3kN8XvdPZdFX1ed_fvYMB5-NaZA2iLx5QxQRBliVECEBrFoAaC2YI0fAIjTKacM1hDagjNOVHr3h8MPjlQ:1rBM2Y:dsIW-IJXXWNvQbTmTPTQZ8LpHkS6Xt1S_CKN-xmHv6U", "expire_date": "2023-12-21T21:36:14.456Z"}}, {"model": "sessions.session", "pk": "ed7c97ncot0ab8mqj56ol7exsm0p6gik", "fields": {"session_data": ".eJxVjDkOwjAUBe_iGlm2gR-Hkj5niP5KAsiWslSIu0OkFNC-mXkv1-O6DP0669SP4i4uusPvRsgPLRuQO5Zb9VzLMo3kN8XvdPZdFX1ed_fvYMB5-NaZA2iLx5QxQRBliVECEBrFoAaC2YI0fAIjTKacM1hDagjNOVHr3h8MPjlQ:1rCJhN:GK3UPn6u69z11MFrm_qqYImxKU1Q0Nc9P9LaZRhxT7g", "expire_date": "2023-12-24T13:18:21.589Z"}}, {"model": "sessions.session", "pk": "i4ziqbxqu2unkwuycqhtlk401dgpq1x4", "fields": {"session_data": ".eJxlj90KwjAMRt-l1zL6s9Fkd_oiI20yVqwVXOeN-O5uMhTxMuckX_geimK8LqUOd7mlMQkPcqGUVV-WnA8fu8xyU71y6qAGWur0BkPifxYonqVsgnLecLNnNO-dXc_NcZ2k1BSppms57Vc_URPN05pjnEEIMGoRkFGMtMyEIfhog2MfgQwQjcDWMQlGtFojR0TP7KxF9a1B36drU6qqN14bQG-6ttHQug665wvXL11A:1rAzC6:up3IqyPLuv1HpKIuQCca0Z_7JPpEh-Pz-fBhEgBM6zI", "expire_date": "2023-12-20T21:12:34.085Z"}}, {"model": "sessions.session", "pk": "np1uiumzpsu2u3po44tzli1o6jdbtdap", "fields": {"session_data": ".eJxVjDkOwjAUBe_iGlm2gR-Hkj5niP5KAsiWslSIu0OkFNC-mXkv1-O6DP0669SP4i4uusPvRsgPLRuQO5Zb9VzLMo3kN8XvdPZdFX1ed_fvYMB5-NaZA2iLx5QxQRBliVECEBrFoAaC2YI0fAIjTKacM1hDagjNOVHr3h8MPjlQ:1rC2Qb:8gcyJ4wpfDnj2UebZC6MCtJRu60Yc0jQawq_OosBKg4", "expire_date": "2023-12-23T18:51:53.471Z"}}, {"model": "sessions.session", "pk": "p4ezs2r8abmbnhzwu36b83yzd6knq571", "fields": {"session_data": ".eJxVjDkOwjAUBe_iGlm2gR-Hkj5niP5KAsiWslSIu0OkFNC-mXkv1-O6DP0669SP4i4uusPvRsgPLRuQO5Zb9VzLMo3kN8XvdPZdFX1ed_fvYMB5-NaZA2iLx5QxQRBliVECEBrFoAaC2YI0fAIjTKacM1hDagjNOVHr3h8MPjlQ:1rCPcK:HpLTCC_f2EAYJRKV4Qmkjg_azDl9KAviPu5fk4sFdpE", "expire_date": "2023-12-24T19:37:32.873Z"}}, {"model": "sessions.session", "pk": "s3cv4v2hawxgug51s8jng8eftjhiuqnb", "fields": {"session_data": "eyJzb2NpYWxhY2NvdW50X3N0YXRlIjpbeyJwcm9jZXNzIjoibG9naW4iLCJzY29wZSI6IiIsImF1dGhfcGFyYW1zIjoiIn0sIkxncUhrNmxhSG5vb3BIRFUiXX0:1rAz0J:2PtmCorrPnD74TuLJjNWAqZgS4H4Yro4FzRlwBU6IOA", "expire_date": "2023-12-20T21:00:23.453Z"}}, {"model": "sessions.session", "pk": "sniy0bowm8kvkpyuhon3704zgu1ohxjw", "fields": {"session_data": ".eJxVjDkOwjAUBe_iGlm2gR-Hkj5niP5KAsiWslSIu0OkFNC-mXkv1-O6DP0669SP4i4uusPvRsgPLRuQO5Zb9VzLMo3kN8XvdPZdFX1ed_fvYMB5-NaZA2iLx5QxQRBliVECEBrFoAaC2YI0fAIjTKacM1hDagjNOVHr3h8MPjlQ:1rCLlr:Pv87HbO14_UTt9upCrv9L04VKaYRsXS9XvYTBE48Cdo", "expire_date": "2023-12-24T15:31:07.016Z"}}, {"model": "sessions.session", "pk": "syby5armla1uc07gh8rlqw5qv10gpq5g", "fields": {"session_data": ".eJxVjkFrwzAMhf-LziE0qurEua2F7rIdehxjBNlWmrAsDrEDg9L_PqdksN0kvafvvRs0vMSuWYLMTe-ghoIg-3s0bD9lXBUehvWcs7V-GWP-8GxyyJ_SJmPsLcfej8ft6x-q49AljlBlxFl0qOWws6Jb0pXDNCulKySFjrQokaJVe25dKdS2hFIaMoqcSdCtwoO9hYprOEJdlDvE_V5XlGOFhwIpg-Btz8PvT4jJDPX7DabZWwkhVRr8tR8TN1g_JQ3WiLX2xDN_rQa4Z3A29Goub6fvl_PxUpye4eP-A-1WaW4:1rCPEY:ARpzW9xlpex1HMOI2j3PoiFu10vyjFhFhYVCFsmwEjw", "expire_date": "2023-12-24T19:12:58.319Z"}}, {"model": "sessions.session", "pk": "u7du5wn9ngs6psm8dsmcxod14886ady7", "fields": {"session_data": "eyJzb2NpYWxhY2NvdW50X3N0YXRlIjpbeyJwcm9jZXNzIjoibG9naW4iLCJzY29wZSI6IiIsImF1dGhfcGFyYW1zIjoiIn0sInAxQmNjdUI4SjhCZDdabW0iXX0:1rCOqR:4WOkfzOCKwjmtXMj8T5mQE46Y9o5TkdFxCe6k37B8BM", "expire_date": "2023-12-24T18:48:03.236Z"}}, {"model": "sessions.session", "pk": "vitlkb6k92fyewp21j1dml981ohw1hnk", "fields": {"session_data": ".eJxVjksOgzAMRO-SdYXyg9js2otExjECFQWphFXVuxdQFu1yZuw381aR9jLFfZNXnJPqlVW3X28gfko-A1qW026Ied1zaa6bGm_N_VCSy8xU5jU_6tcfaqJtOjgBqSUQDJAwOQTPiCStGGO0tizD6AYNmqEdrRXvkC2TSyJm9ET63FcnXOxaKilSUb0J2hrnA7rGddB5gM8XE_dK4Q:1rBz0z:zwLfYKjffEuoCvY_d7xTYA77S6OQHMuV8NwxpNN94rM", "expire_date": "2023-12-23T15:13:13.370Z"}}, {"model": "sessions.session", "pk": "wef78hg7scfbbc42l7w1mqs9z6dsw50i", "fields": {"session_data": ".eJxVjDkOwjAUBe_iGlm2gR-Hkj5niP5KAsiWslSIu0OkFNC-mXkv1-O6DP0669SP4i4uusPvRsgPLRuQO5Zb9VzLMo3kN8XvdPZdFX1ed_fvYMB5-NaZA2iLx5QxQRBliVECEBrFoAaC2YI0fAIjTKacM1hDagjNOVHr3h8MPjlQ:1rBb7F:DPUXGaDrghSgczrhCb1PKcjqkLiaLbhkqIrOSaX724Y", "expire_date": "2023-12-22T13:42:05.340Z"}}, {"model": "sessions.session", "pk": "y53hsh5w6vstgrwm6819ym99k9e0mkfr", "fields": {"session_data": ".eJxVjDkOwjAUBe_iGlm2gR-Hkj5niP5KAsiWslSIu0OkFNC-mXkv1-O6DP0669SP4i4uusPvRsgPLRuQO5Zb9VzLMo3kN8XvdPZdFX1ed_fvYMB5-NaZA2iLx5QxQRBliVECEBrFoAaC2YI0fAIjTKacM1hDagjNOVHr3h8MPjlQ:1rB0tW:_-7QeGHEL1WNzjKUQBNVbl_wQXBLHExV1ex0ZptWu2M", "expire_date": "2023-12-20T23:01:30.938Z"}}, {"model": "sessions.session", "pk": "z2zhq4mfvxhmhvrdv7vwemsiu77vganq", "fields": {"session_data": ".eJxVjDkOwjAUBe_iGlm2gR-Hkj5niP5KAsiWslSIu0OkFNC-mXkv1-O6DP0669SP4i4uusPvRsgPLRuQO5Zb9VzLMo3kN8XvdPZdFX1ed_fvYMB5-NaZA2iLx5QxQRBliVECEBrFoAaC2YI0fAIjTKacM1hDagjNOVHr3h8MPjlQ:1rCN67:E_UJ-SJUn_5_4uN6_KVzdLJznxZxgQoGfL07o2zYzjs", "expire_date": "2023-12-24T16:56:07.827Z"}}, {"model": "users.user", "pk": 1, "fields": {"password": "pbkdf2_sha256$600000$nXWcKC3ojiD8fmhaRx9bVF$COtRV8sOzwJLDfQA3T/Yi2T2/t8Dp+TLM3lOxJrGf0Y=", "last_login": "2023-12-10T19:37:32.863Z", "is_superuser": true, "username": "admin", "first_name": "", "last_name": "", "email": "admin@admin.ru", "is_staff": true, "is_active": true, "date_joined": "2023-12-05T21:23:06.171Z", "groups": [], "user_permissions": []}}, {"model": "users.user", "pk": 2, "fields": {"password": "!tteW22S91peOJNLOkJdlHDurnaY5Vah1BazI4HSU", "last_login": "2023-12-09T15:54:59.272Z", "is_superuser": false, "username": "user", "first_name": "Ярослав", "last_name": "Андреев", "email": "", "is_staff": false, "is_active": true, "date_joined": "2023-12-06T20:54:31.768Z", "groups": [], "user_permissions": []}}, {"model": "users.user", "pk": 4, "fields": {"password": "pbkdf2_sha256$600000$aLlYmNZgex6OVjjn1fjbXo$f+H1RceN/nkUCJLoBG7ypL6/3ZJUzrO3z2FPzi92hvU=", "last_login": null, "is_superuser": false, "username": "user1", "first_name": "", "last_name": "", "email": "user@example.com", "is_staff": false, "is_active": false, "date_joined": "2023-12-07T08:28:23.465Z", "groups": [], "user_permissions": []}}, {"model": "users.user", "pk": 5, "fields": {"password": "pbkdf2_sha256$600000$9uj6bl3CNoejnABmrccnnE$XgaSes2nSBF5S4BBOq7pR/c2UXZmsFpFJoMQYiPoFfI=", "last_login": null, "is_superuser": false, "username": "user2", "first_name": "", "last_name": "", "email": "use@example.com", "is_staff": false, "is_active": false, "date_joined": "2023-12-07T08:29:06.663Z", "groups": [], "user_permissions": []}}, {"model": "users.user", "pk": 6, "fields": {"password": "pbkdf2_sha256$600000$g9H7S2X8Ag9xk7zNKSTaVB$D0bEnE1/KiAUrZvWI0YE0xqhC9h7PR3Sc8597C8Pu/Y=", "last_login": null, "is_superuser": false, "username": "log", "first_name": "", "last_name": "", "email": "user@examdple.com", "is_staff": false, "is_active": false, "date_joined": "2023-12-07T18:21:18.590Z", "groups": [], "user_permissions": []}}, {"model": "users.user", "pk": 7, "fields": {"password": "pbkdf2_sha256$600000$gDVFU6pcxKUaHapyyfgW9m$eoxz4CiMA71m1N8S0O7jbF9/vlyJE4TbNLXJvDSFRKs=", "last_login": null, "is_superuser": false, "username": "lodg", "first_name": "", "last_name": "", "email": "user@examfddple.com", "is_staff": false, "is_active": false, "date_joined": "2023-12-07T18:23:55.115Z", "groups": [], "user_permissions": []}}, {"model": "users.user", "pk": 8, "fields": {"password": "pbkdf2_sha256$600000$2ecl8HLtJuPjPfqUBV2nWY$L+4U0SEHCscgBy4mRMikwvllVzt8UVXM6aktx7aZfSE=", "last_login": null, "is_superuser": false, "username": "lo1dg", "first_name": "", "last_name": "", "email": "user@exawmfddple.com", "is_staff": false, "is_active": false, "date_joined": "2023-12-07T18:25:46.553Z", "groups": [], "user_permissions": []}}, {"model": "users.user", "pk": 9, "fields": {"password": "131eewqeqwe", "last_login": null, "is_superuser": false, "username": "user1111", "first_name": "", "last_name": "", "email": "user@user.ru", "is_staff": false, "is_active": true, "date_joined": "2023-12-07T19:39:45Z", "groups": [], "user_permissions": []}}, {"model": "users.user", "pk": 10, "fields": {"password": "pbkdf2_sha256$600000$KPjLsBkLjepqqy9gMSxtJq$J7SIohj9WB2NUwZq1hgGBRmhPn7exabywgGZiXKSrto=", "last_login": null, "is_superuser": false, "username": "user5", "first_name": "", "last_name": "", "email": "use1r@example.com", "is_staff": false, "is_active": false, "date_joined": "2023-12-07T20:16:03.438Z", "groups": [], "user_permissions": []}}, {"model": "users.user", "pk": 11, "fields": {"password": "pbkdf2_sha256$600000$mZtWSgvfDcybiteciqbfAL$5kSxS0Copg/l4Kmh73grRTSEsVLCtgSnu7yV5y/JYFA=", "last_login": null, "is_superuser": false, "username": "user2123", "first_name": "", "last_name": "", "email": "user11@example.com", "is_staff": false, "is_active": false, "date_joined": "2023-12-07T21:35:59.266Z", "groups": [], "user_permissions": []}}, {"model": "users.user", "pk": 12, "fields": {"password": "pbkdf2_sha256$600000$jQJyHKdgZZL1TKrVGYIemn$SluNs/gosnAlrmdWIJAuptd72GZRiW8Ar7bo1hg/5Rg=", "last_login": null, "is_superuser": false, "username": "test", "first_name": "", "last_name": "", "email": "user@test.com", "is_staff": false, "is_active": true, "date_joined": "2023-12-08T10:09:17Z", "groups": [], "user_permissions": []}}, {"model": "users.user", "pk": 13, "fields": {"password": "pbkdf2_sha256$600000$TLGL0T1LpFQT0u0TFOhyND$Ox/IkWTmPw+TlctB8mo0hmZCNicBThtHyC/S4Mf5b84=", "last_login": null, "is_superuser": false, "username": "sic21", "first_name": "", "last_name": "", "email": "s21@ya.ru", "is_staff": false, "is_active": true, "date_joined": "2023-12-08T11:02:29Z", "groups": [], "user_permissions": []}}, {"model": "users.user", "pk": 14, "fields": {"password": "!MBFwMdgNccZW6X3HitO6pL4uvycASil3h0dD4fLu", "last_login": "2023-12-10T18:46:24.280Z", "is_superuser": false, "username": "user3", "first_name": "Ярослав", "last_name": "Андреев", "email": "", "is_staff": false, "is_active": true, "date_joined": "2023-12-09T19:41:55.005Z", "groups": [], "user_permissions": []}}, {"model": "users.user", "pk": 15, "fields": {"password": "!phakek1JmItY7noC8R7omhjZbAjvSCwTNqOzhMWa", "last_login": "2023-12-09T21:23:27.777Z", "is_superuser": false, "username": "Наташа", "first_name": "Наташа", "last_name": "Захарова", "email": "", "is_staff": false, "is_active": true, "date_joined": "2023-12-09T21:23:27.745Z", "groups": [], "user_permissions": []}}, {"model": "users.userprofile", "pk": 2, "fields": {"user": 2, "current_specialization": 4, "goal_specialization": 7}}, {"model": "users.userprofile", "pk": 4, "fields": {"user": 12, "current_specialization": 4, "goal_specialization": 7}}, {"model": "users.userprofile", "pk": 20, "fields": {"user": 1, "current_specialization": 4, "goal_specialization": 7}}, {"model": "users.userskill", "pk": 3, "fields": {"user_profile": 4, "skill": 9, "status": "process", "date_from": "2023-12-08", "date_to": null}}, {"model": "users.userskill", "pk": 4, "fields": {"user_profile": 4, "skill": 10, "status": "process", "date_from": "2023-12-08", "date_to": null}}, {"model": "users.userskill", "pk": 5, "fields": {"user_profile": 4, "skill": 17, "status": "done", "date_from": "2023-12-08", "date_to": null}}, {"model": "users.userskill", "pk": 6, "fields": {"user_profile": 4, "skill": 49, "status": "done", "date_from": "2023-12-08", "date_to": null}}, {"model": "users.userskill", "pk": 7, "fields": {"user_profile": 4, "skill": 63, "status": "done", "date_from": "2023-12-08", "date_to": null}}, {"model": "users.userskill", "pk": 15, "fields": {"user_profile": 4, "skill": 50, "status": "start", "date_from": null, "date_to": null}}, {"model": "users.userskill", "pk": 68, "fields": {"user_profile": 20, "skill": 9, "status": "done", "date_from": null, "date_to": null}}, {"model": "users.userskill", "pk": 69, "fields": {"user_profile": 20, "skill": 10, "status": "done", "date_from": null, "date_to": null}}, {"model": "users.userskill", "pk": 70, "fields": {"user_profile": 20, "skill": 12, "status": "start", "date_from": null, "date_to": null}}, {"model": "users.userskill", "pk": 71, "fields": {"user_profile": 20, "skill": 11, "status": "start", "date_from": null, "date_to": null}}, {"model": "users.userresources", "pk": 2, "fields": {"profile": 4, "resource": 13, "status": "process"}}, {"model": "users.userresources", "pk": 3, "fields": {"profile": 2, "resource": 15, "status": "done"}}, {"model": "skills.resourcelibrary", "pk": 1, "fields": {"type": "article", "description": "Bar to him question avoid break ball.", "learning_time": 8, "url": "http://jensen.com/"}}, {"model": "skills.resourcelibrary", "pk": 2, "fields": {"type": "podcast", "description": "Daughter how actually all myself around everybody piece.", "learning_time": 14, "url": "https://wolf.com/"}}, {"model": "skills.resourcelibrary", "pk": 3, "fields": {"type": "course", "description": "Security task fight energy religious.", "learning_time": 8, "url": "http://www.edwards-evans.info/"}}, {"model": "skills.resourcelibrary", "pk": 4, "fields": {"type": "podcast", "description": "Require two measure important.", "learning_time": 13, "url": "https://www.acevedo.info/"}}, {"model": "skills.resourcelibrary", "pk": 5, "fields": {"type": "course", "description": "Agent industry another including yard bad.", "learning_time": 15, "url": "https://www.ali-zuniga.biz/"}}, {"model": "skills.resourcelibrary", "pk": 6, "fields": {"type": "podcast", "description": "Hair successful produce they break edge.", "learning_time": 7, "url": "https://bowers.com/"}}, {"model": "skills.resourcelibrary", "pk": 7, "fields": {"type": "podcast", "description": "What his she five almost.", "learning_time": 13, "url": "https://www.mann-rivera.com/"}}, {"model": "skills.resourcelibrary", "pk": 8, "fields": {"type": "article", "description": "Many bring reflect we gas pull.", "learning_time": 7, "url": "http://www.chang.biz/"}}, {"model": "skills.resourcelibrary", "pk": 9, "fields": {"type": "podcast", "description": "Minute ahead side cell live always.", "learning_time": 12, "url": "https://williams.com/"}}, {"model": "skills.resourcelibrary", "pk": 10, "fields": {"type": "other", "description": "Best threat somebody itself country.", "learning_time": 7, "url": "https://hart-huber.com/"}}, {"model": "skills.resourcelibrary", "pk": 11, "fields": {"type": "article", "description": "Final term central challenge.", "learning_time": 5, "url": "https://johnson-evans.info/"}}, {"model": "skills.resourcelibrary", "pk": 12, "fields": {"type": "podcast", "description": "Might here test day rich bed.", "learning_time": 14, "url": "https://www.murphy-lowery.com/"}}, {"model": "skills.resourcelibrary", "pk": 13, "fields": {"type": "course", "description": "Long store represent entire else.", "learning_time": 14, "url": "http://www.glover-clay.com/"}}, {"model": "skills.resourcelibrary", "pk": 14, "fields": {"type": "course", "description": "Risk same series customer.", "learning_time": 15, "url": "https://tran-khan.com/"}}, {"model": "skills.resourcelibrary", "pk": 15, "fields": {"type": "article", "description": "Right think traditional after newspaper will.", "learning_time": 15, "url": "https://johnson.org/"}}, {"model": "skills.resourcelibrary", "pk": 16, "fields": {"type": "podcast", "description": "Ability agency now enter office of wonder.", "learning_time": 9, "url": "https://www.tucker-howard.com/"}}, {"model": "skills.resourcelibrary", "pk": 17, "fields": {"type": "course", "description": "Type father according upon.", "learning_time": 7, "url": "http://www.peterson-stuart.net/"}}, {"model": "skills.resourcelibrary", "pk": 18, "fields": {"type": "podcast", "description": "Agreement what run do particularly director state.", "learning_time": 12, "url": "https://riley.com/"}}, {"model": "skills.resourcelibrary", "pk": 19, "fields": {"type": "article", "description": "Quickly study have.", "learning_time": 5, "url": "http://johnston.info/"}}, {"model": "skills.resourcelibrary", "pk": 20, "fields": {"type": "other", "description": "Safe start control positive painting name pressure.", "learning_time": 5, "url": "http://www.soto.biz/"}}, {"model": "skills.resourcelibrary", "pk": 21, "fields": {"type": "article", "description": "Help paper in.", "learning_time": 13, "url": "https://www.garcia.org/"}}, {"model": "skills.resourcelibrary", "pk": 22, "fields": {"type": "podcast", "description": "Herself able director easy someone.", "learning_time": 14, "url": "https://www.oconnell.org/"}}, {"model": "skills.resourcelibrary", "pk": 23, "fields": {"type": "article", "description": "Production stage read tough building culture.", "learning_time": 5, "url": "https://miller.com/"}}, {"model": "skills.resourcelibrary", "pk": 24, "fields": {"type": "article", "description": "Meeting condition million represent call stock career.", "learning_time": 8, "url": "http://hicks.biz/"}}, {"model": "skills.resourcelibrary", "pk": 25, "fields": {"type": "article", "description": "Detail whatever seek natural model degree.", "learning_time": 7, "url": "https://www.frank-hunter.net/"}}, {"model": "skills.resourcelibrary", "pk": 26, "fields": {"type": "podcast", "description": "Line imagine particularly character bring pay along.", "learning_time": 11, "url": "https://www.collins.org/"}}, {"model": "skills.resourcelibrary", "pk": 27, "fields": {"type": "other", "description": "Also sense kitchen really operation husband.", "learning_time": 13, "url": "http://www.french.org/"}}, {"model": "skills.resourcelibrary", "pk": 28, "fields": {"type": "podcast", "description": "Major effort apply right.", "learning_time": 11, "url": "https://www.ramirez.com/"}}, {"model": "skills.resourcelibrary", "pk": 29, "fields": {"type": "course", "description": "Act performance peace here success happen.", "learning_time": 14, "url": "http://www.randolph.info/"}}, {"model": "skills.resourcelibrary", "pk": 30, "fields": {"type": "other", "description": "Market exist other sure what push.", "learning_time": 14, "url": "http://mckay.com/"}}, {"model": "skills.skillgroup", "pk": 4, "fields": {"name": "Типографика"}}, {"model": "skills.skillgroup", "pk": 5, "fields": {"name": "Бизнес аналитика"}}, {"model": "skills.skillgroup", "pk": 6, "fields": {"name": "HTML и CSS"}}, {"model": "skills.skillgroup", "pk": 7, "fields": {"name": "Дизайн системы"}}, {"model": "skills.skillgroup", "pk": 8, "fields": {"name": "Дизайн системы"}}, {"model": "skills.skillgroup", "pk": 9, "fields": {"name": "Презентация"}}, {"model": "skills.skillgroup", "pk": 10, "fields": {"name": "Композиция"}}, {"model": "skills.skillgroup", "pk": 11, "fields": {"name": "Общее взаимодействие"}}, {"model": "skills.skillgroup", "pk": 12, "fields": {"name": "Саморазвитие"}}, {"model": "skills.specialization", "pk": 4, "fields": {"name": "Дизайнер", "code": 1069, "level_code": 243, "level_name": "jun"}}, {"model": "skills.specialization", "pk": 7, "fields": {"name": "Дизайнер", "code": 100, "level_code": 11, "level_name": "mid"}}, {"model": "skills.specialization", "pk": 8, "fields": {"name": "Дизайн", "code": 3, "level_code": 3, "level_name": "sen"}}, {"model": "skills.skill", "pk": 9, "fields": {"name": "Подбор шрифтов для заголовков", "description": "Заголовочные шрифты имеют большой размер и уникальный стиль, что делает их идеальным выбором для использования в заголовках, подзаголовках и баннерах. При выборе шрифтов, основное правило - ориентироваться на свою целевую аудиторию.", "specialization": 4, "group": 4, "type": "hard", "level": "start", "code": 111, "date_from": "2023-12-08", "date_to": null, "resource_library": [1, 2]}}, {"model": "skills.skill", "pk": 10, "fields": {"name": "Подбор шрифтов для основного текста", "description": "Основной текст должен хорошо читаться с наибольшим комфортом для глаз, поэтому опыт web-дизайнеров сформировал перечень самых популярных шрифтов. Также необходимо учитывать требования к пользовательскому интерфейсу.", "specialization": 4, "group": 4, "type": "hard", "level": "start", "code": 112, "date_from": "2023-12-08", "date_to": null, "resource_library": [2, 3, 4]}}, {"model": "skills.skill", "pk": 11, "fields": {"name": "Подбор шрифтов для вспомогательного текста", "description": "Выбор шрифта для вспомогательного текста отталкивается от выбора шрифта основного текста. Правильно подобранный вспомогательный шрифт не должен перетягивать внимание от шрифта основного текста.", "specialization": 4, "group": 4, "type": "hard", "level": "start", "code": 113, "date_from": "2023-12-08", "date_to": null, "resource_library": [4, 5]}}, {"model": "skills.skill", "pk": 12, "fields": {"name": "Подбор шрифтов для вспомогательного текста", "description": "Для шрифтов вспомогательного текста важно учитывать назначение того или иного шрифта. Откажитесь от вычурных шрифтов в пользу простых и практичных.", "specialization": 7, "group": 4, "type": "hard", "level": "middle", "code": 114, "date_from": "2023-12-08", "date_to": null, "resource_library": [4, 5]}}, {"model": "skills.skill", "pk": 13, "fields": {"name": "Подбор шрифтов для заголовков", "description": "Изучение подбора шрифтов в генераторе Fontjoy основан на модели машинного обучения - пару создает нейросеть по заданным параметрам. Все подходящие к заголовку шрифты можно увидеть в формате картотеки и собрать комбинацию вручную.", "specialization": 7, "group": 4, "type": "hard", "level": "middle", "code": 124, "date_from": "2023-12-08", "date_to": null, "resource_library": [3, 4]}}, {"model": "skills.skill", "pk": 14, "fields": {"name": "Подбор шрифтов для основного текста", "description": "Необходимо учитывать назначение текста в подборе шрифтов. Для основного текста необходим подбирать шрифты, которые хорошо читаются и помогают читателю быстрее прочитывать написанное.", "specialization": 7, "group": 4, "type": "hard", "level": "middle", "code": 125, "date_from": "2023-12-08", "date_to": null, "resource_library": [4, 6]}}, {"model": "skills.skill", "pk": 15, "fields": {"name": "Варианты пар шрифтов", "description": "Хорошая комбинация должна быть гармоничной, но при этом достаточно контрастной. Универсальное правило - использовать для заголовка более необычный, иногда даже вычурный текст, нежели для основного текста.", "specialization": 4, "group": 4, "type": "hard", "level": "start", "code": 111, "date_from": "2023-12-08", "date_to": null, "resource_library": [5, 6]}}, {"model": "skills.skill", "pk": 16, "fields": {"name": "Варианты пар шрифтов", "description": "Грамотно подобранные пары шрифтов помогают: сформировать единый стиль оформления текста, ориентироваться на странице, расставлять акценты. Рекомендуется использовать не более 3 типов шрифтов, а акценты расставлять путем цветовых сочетаний.", "specialization": 7, "group": 4, "type": "hard", "level": "middle", "code": 333, "date_from": "2023-12-08", "date_to": null, "resource_library": [3]}}, {"model": "skills.skill", "pk": 17, "fields": {"name": "Шрифты с засечками", "description": "Антиква - вид шрифта с засечками, поэтому обычно в названии есть слово serif. Засечки в таком случае повышает узнаваемость букв и облегчают чтение.", "specialization": 4, "group": 4, "type": "hard", "level": "start", "code": 11, "date_from": "2023-12-08", "date_to": null, "resource_library": [3, 4]}}, {"model": "skills.skill", "pk": 18, "fields": {"name": "Шрифты с засечками", "description": "Популярная антиква: Times New Roman. Строгое классическое написание букв используется в бумажных книгах, журналах.", "specialization": 7, "group": 4, "type": "hard", "level": "middle", "code": 1, "date_from": "2023-12-08", "date_to": null, "resource_library": [2]}}, {"model": "skills.skill", "pk": 19, "fields": {"name": "Подбор расположения текста", "description": "Располагайте блоки текста на странице симметрично относительно вертикали. Выравнивайте текст и заголовки по центру, чтобы придать документу официальность.", "specialization": 4, "group": 4, "type": "hard", "level": "start", "code": 1, "date_from": "2023-12-08", "date_to": null, "resource_library": [4]}}, {"model": "skills.skill", "pk": 20, "fields": {"name": "Подбор расположения текста", "description": "Грамотное расположение текста относительно всех объектов на экране может поднимать вовлеченность к реализуемому продукту. Пробежавшись по тексту, читатель сможет понять главную мысль.", "specialization": 7, "group": 4, "type": "hard", "level": "middle", "code": 2, "date_from": "2023-12-08", "date_to": null, "resource_library": [4]}}, {"model": "skills.skill", "pk": 21, "fields": {"name": "Подбор взаимного расположения текста и иллюстраций", "description": "Разные способы расположения текста относительно иных объектов оказывают влияние на общее восприятие продукта. Расположение иллюстрация тесно связано с общим характером оформления текста.", "specialization": 7, "group": 4, "type": "hard", "level": "middle", "code": 2, "date_from": "2023-12-08", "date_to": null, "resource_library": [6]}}, {"model": "skills.skill", "pk": 22, "fields": {"name": "Подбор взаимного расположения текста и иллюстраций", "description": "Построение различных композиций для создание единого дизайна. Существует огромное количество способов объединить текст и изображение.", "specialization": 4, "group": 4, "type": "hard", "level": "start", "code": 1, "date_from": "2023-12-08", "date_to": null, "resource_library": [3]}}, {"model": "skills.skill", "pk": 23, "fields": {"name": "Подбор оптимальной длины строк", "description": "В терминах типографики длина строки называется мерой, и традиционно мы хотим избегать очень длинных строк. Считается, что для удобного чтения идеальная строка должна содержать от 60 до 80 символов.", "specialization": 4, "group": 4, "type": "hard", "level": "start", "code": 1, "date_from": "2023-12-08", "date_to": null, "resource_library": [6]}}, {"model": "skills.skill", "pk": 24, "fields": {"name": "Подбор оптимальной длины строк", "description": "Читатель-посетитель сайта легко фокусируется в начале строк, но этот фокус постепенно пропадает к их окончанию. Поэтому для концентрации внимания рекомендуется придерживаться оптимальной длины строки от 50 до 75 символов.", "specialization": 7, "group": 4, "type": "hard", "level": "middle", "code": 1, "date_from": "2023-12-08", "date_to": null, "resource_library": [6]}}, {"model": "skills.skill", "pk": 25, "fields": {"name": "Наиболее часто используемые символы и знаки", "description": "Словарь символов: что на самом деле означает астерикс, трискелион и галочка. История популярных знаков, которые дизайнеры вписывают в логотипы.", "specialization": 4, "group": 4, "type": "hard", "level": "start", "code": 1, "date_from": "2023-12-08", "date_to": null, "resource_library": [8]}}, {"model": "skills.skill", "pk": 26, "fields": {"name": "Наиболее часто используемые символы и знаки", "description": "Любой символ в содержимом элемента веб-страницы можно заменить специальной последовательностью, называемой ссылкой на данный символ. Применяются такие ссылки в тех случаях, когда сам символ не может быть использован в текстовом содержимом по той причине, что он является зарезервированным.", "specialization": 7, "group": 4, "type": "hard", "level": "middle", "code": 1, "date_from": "2023-12-08", "date_to": null, "resource_library": [5]}}, {"model": "skills.skill", "pk": 27, "fields": {"name": "Рекомендации по использованию шрифтов", "description": "Основы использования шрифтов в дизайне. Техники работы со шрифтами.", "specialization": 4, "group": 4, "type": "hard", "level": "start", "code": 1, "date_from": "2023-12-08", "date_to": null, "resource_library": [6]}}, {"model": "skills.skill", "pk": 28, "fields": {"name": "Рекомендации по использованию шрифтов", "description": "Руководство по качествам шрифтов и их применению в дизайне. Подсказки по применимости шрифтов для разных индустрий, о влиянии даже небольших шрифтовых деталей на отношение к написанному.", "specialization": 7, "group": 4, "type": "hard", "level": "middle", "code": 2, "date_from": "2023-12-08", "date_to": null, "resource_library": [7]}}, {"model": "skills.skill", "pk": 29, "fields": {"name": "Анализ ЦА", "description": "Анализ ЦА", "specialization": 4, "group": 5, "type": "hard", "level": "start", "code": 1, "date_from": "2023-12-08", "date_to": null, "resource_library": [5]}}, {"model": "skills.skill", "pk": 30, "fields": {"name": "Анализ ЦА", "description": "Анализ ЦА", "specialization": 7, "group": 5, "type": "hard", "level": "middle", "code": 2, "date_from": "2023-12-08", "date_to": null, "resource_library": [7]}}, {"model": "skills.skill", "pk": 31, "fields": {"name": "Рассмотрение гипотез", "description": "Рассмотрение гипотез", "specialization": 4, "group": 5, "type": "hard", "level": "start", "code": 1, "date_from": "2023-12-08", "date_to": null, "resource_library": [4]}}, {"model": "skills.skill", "pk": 32, "fields": {"name": "Рассмотрение гипотез", "description": "Рассмотрение гипотез", "specialization": 7, "group": 5, "type": "hard", "level": "middle", "code": 1, "date_from": "2023-12-08", "date_to": null, "resource_library": [5]}}, {"model": "skills.skill", "pk": 33, "fields": {"name": "Конкурентный анализ", "description": "Конкурентный анализ", "specialization": 4, "group": 5, "type": "hard", "level": "start", "code": 1, "date_from": "2023-12-08", "date_to": null, "resource_library": [6]}}, {"model": "skills.skill", "pk": 34, "fields": {"name": "Конкурентный анализ", "description": "Конкурентный анализ", "specialization": 7, "group": 5, "type": "hard", "level": "middle", "code": 1, "date_from": "2023-12-08", "date_to": null, "resource_library": [3]}}, {"model": "skills.skill", "pk": 35, "fields": {"name": "Исследования рынка", "description": "Исследования рынка", "specialization": 4, "group": 5, "type": "hard", "level": "start", "code": 1, "date_from": "2023-12-08", "date_to": null, "resource_library": [7]}}, {"model": "skills.skill", "pk": 36, "fields": {"name": "Исследования рынка", "description": "Исследования рынка", "specialization": 7, "group": 5, "type": "hard", "level": "middle", "code": 1, "date_from": "2023-12-08", "date_to": null, "resource_library": [7]}}, {"model": "skills.skill", "pk": 37, "fields": {"name": "JTBD и User Stories", "description": "JTBD и User Stories", "specialization": 4, "group": 5, "type": "hard", "level": "start", "code": 1, "date_from": "2023-12-08", "date_to": null, "resource_library": [3, 6]}}, {"model": "skills.skill", "pk": 38, "fields": {"name": "JTBD и User Stories", "description": "JTBD и User Stories", "specialization": 7, "group": 5, "type": "hard", "level": "middle", "code": 2, "date_from": "2023-12-08", "date_to": null, "resource_library": [4]}}, {"model": "skills.skill", "pk": 39, "fields": {"name": "Рассмотрение бизнес-сценариев", "description": "Рассмотрение бизнес-сценариев", "specialization": 4, "group": 5, "type": "hard", "level": "start", "code": 1, "date_from": "2023-12-08", "date_to": null, "resource_library": [3]}}, {"model": "skills.skill", "pk": 40, "fields": {"name": "Рассмотрение бизнес-сценариев", "description": "Рассмотрение бизнес-сценариев", "specialization": 7, "group": 5, "type": "hard", "level": "middle", "code": 2, "date_from": "2023-12-08", "date_to": null, "resource_library": [5]}}, {"model": "skills.skill", "pk": 41, "fields": {"name": "Рассмотрение бизнес-ролей", "description": "Рассмотрение бизнес-ролей", "specialization": 4, "group": 5, "type": "hard", "level": "start", "code": 1, "date_from": "2023-12-08", "date_to": null, "resource_library": [5]}}, {"model": "skills.skill", "pk": 42, "fields": {"name": "Рассмотрение бизнес-ролей", "description": "Рассмотрение бизнес-ролей", "specialization": 7, "group": 5, "type": "hard", "level": "middle", "code": 1, "date_from": "2023-12-08", "date_to": null, "resource_library": [6]}}, {"model": "skills.skill", "pk": 43, "fields": {"name": "Способы повышения времени сценария", "description": "Способы повышения времени сценария", "specialization": 4, "group": 5, "type": "hard", "level": "start", "code": 2, "date_from": "2023-12-08", "date_to": null, "resource_library": [5]}}, {"model": "skills.skill", "pk": 44, "fields": {"name": "Повышение насмотренности", "description": "Повышение насмотренности", "specialization": 4, "group": 5, "type": "hard", "level": "start", "code": 1, "date_from": "2023-12-08", "date_to": null, "resource_library": [6]}}, {"model": "skills.skill", "pk": 45, "fields": {"name": "Повышение насмотренности", "description": "Повышение насмотренности", "specialization": 7, "group": 5, "type": "hard", "level": "middle", "code": 1, "date_from": "2023-12-08", "date_to": null, "resource_library": [5]}}, {"model": "skills.skill", "pk": 46, "fields": {"name": "Формирование гипотез", "description": "Формирование гипотез", "specialization": 7, "group": 5, "type": "hard", "level": "middle", "code": 1, "date_from": "2023-12-08", "date_to": null, "resource_library": [5]}}, {"model": "skills.skill", "pk": 47, "fields": {"name": "Семантическая разметка", "description": "Семантическая разметка", "specialization": 4, "group": 6, "type": "hard", "level": "start", "code": 1, "date_from": "2023-12-08", "date_to": null, "resource_library": [3, 4]}}, {"model": "skills.skill", "pk": 48, "fields": {"name": "Семантическая разметка", "description": "Семантическая разметка", "specialization": 7, "group": 6, "type": "hard", "level": "middle", "code": 1, "date_from": "2023-12-08", "date_to": null, "resource_library": [6]}}, {"model": "skills.skill", "pk": 49, "fields": {"name": "Графика и базовая стилизация", "description": "Графика и базовая стилизация", "specialization": 4, "group": 6, "type": "soft", "level": "start", "code": 1, "date_from": "2023-12-08", "date_to": null, "resource_library": [7]}}, {"model": "skills.skill", "pk": 50, "fields": {"name": "Графика и базовая стилизация", "description": "Графика и базовая стилизация", "specialization": 7, "group": 6, "type": "hard", "level": "middle", "code": 1, "date_from": "2023-12-08", "date_to": null, "resource_library": [5]}}, {"model": "skills.skill", "pk": 51, "fields": {"name": "Сетки на флексах и гридах", "description": "Сетки на флексах и гридах", "specialization": 4, "group": 6, "type": "hard", "level": "start", "code": 1, "date_from": "2023-12-08", "date_to": null, "resource_library": [5]}}, {"model": "skills.skill", "pk": 52, "fields": {"name": "Сетки на флексах и гридах", "description": "Сетки на флексах и гридах", "specialization": 7, "group": 6, "type": "hard", "level": "middle", "code": 1, "date_from": "2023-12-08", "date_to": null, "resource_library": [5]}}, {"model": "skills.skill", "pk": 53, "fields": {"name": "Адаптивные сетки", "description": "Адаптивные сетки", "specialization": 4, "group": 6, "type": "hard", "level": "start", "code": 1, "date_from": "2023-12-08", "date_to": null, "resource_library": [5]}}, {"model": "skills.skill", "pk": 54, "fields": {"name": "Адаптивные сетки", "description": "Адаптивные сетки", "specialization": 7, "group": 6, "type": "hard", "level": "middle", "code": 1, "date_from": "2023-12-08", "date_to": null, "resource_library": [5]}}, {"model": "skills.skill", "pk": 55, "fields": {"name": "Адаптивная графика", "description": "Адаптивная графика", "specialization": 4, "group": 6, "type": "hard", "level": "start", "code": 1, "date_from": "2023-12-08", "date_to": null, "resource_library": [5]}}, {"model": "skills.skill", "pk": 56, "fields": {"name": "Адаптивная графика", "description": "Адаптивная графика", "specialization": 7, "group": 6, "type": "hard", "level": "middle", "code": 1, "date_from": "2023-12-08", "date_to": null, "resource_library": [7]}}, {"model": "skills.skill", "pk": 57, "fields": {"name": "Векторная графика", "description": "Векторная графика", "specialization": 4, "group": 6, "type": "hard", "level": "start", "code": 1, "date_from": "2023-12-08", "date_to": null, "resource_library": [3]}}, {"model": "skills.skill", "pk": 58, "fields": {"name": "Векторная графика", "description": "Векторная графика", "specialization": 7, "group": 6, "type": "hard", "level": "middle", "code": 1, "date_from": "2023-12-08", "date_to": null, "resource_library": [5]}}, {"model": "skills.skill", "pk": 59, "fields": {"name": "Разметка страниц", "description": "Разметка страниц", "specialization": 4, "group": 6, "type": "hard", "level": "start", "code": 1, "date_from": "2023-12-08", "date_to": null, "resource_library": [4]}}, {"model": "skills.skill", "pk": 60, "fields": {"name": "Разметка страниц", "description": "Разметка страниц", "specialization": 7, "group": 6, "type": "hard", "level": "middle", "code": 1, "date_from": "2023-12-08", "date_to": null, "resource_library": [5]}}, {"model": "skills.skill", "pk": 61, "fields": {"name": "Понимание процесса верстки", "description": "Понимание процесса верстки", "specialization": 4, "group": 6, "type": "hard", "level": "start", "code": 1, "date_from": "2023-12-08", "date_to": null, "resource_library": [5]}}, {"model": "skills.skill", "pk": 62, "fields": {"name": "Понимание процесса верстки", "description": "Понимание процесса верстки", "specialization": 7, "group": 6, "type": "hard", "level": "middle", "code": 1, "date_from": "2023-12-08", "date_to": null, "resource_library": [14, 15]}}, {"model": "skills.skill", "pk": 63, "fields": {"name": "Связь CSS и JavaScript", "description": "Связь CSS и JavaScript", "specialization": 4, "group": 6, "type": "hard", "level": "start", "code": 1, "date_from": "2023-12-08", "date_to": null, "resource_library": [5]}}, {"model": "skills.skill", "pk": 64, "fields": {"name": "Связь CSS и JavaScript", "description": "Связь CSS и JavaScript", "specialization": 7, "group": 6, "type": "hard", "level": "middle", "code": 1, "date_from": "2023-12-08", "date_to": null, "resource_library": [6, 7]}}, {"model": "skills.skill", "pk": 65, "fields": {"name": "Понимание работы JavaScript с версткой", "description": "Понимание работы JavaScript с версткой", "specialization": 4, "group": 6, "type": "hard", "level": "start", "code": 1, "date_from": "2023-12-08", "date_to": null, "resource_library": [12, 14]}}, {"model": "skills.skill", "pk": 66, "fields": {"name": "Понимание работы JavaScript с версткой", "description": "Понимание работы JavaScript с версткой", "specialization": 7, "group": 6, "type": "hard", "level": "middle", "code": 1, "date_from": "2023-12-08", "date_to": null, "resource_library": [8]}}, {"model": "skills.skill", "pk": 67, "fields": {"name": "Креативное мышление", "description": "Креативное мышление", "specialization": 4, "group": 12, "type": "soft", "level": "start", "code": 1, "date_from": "2023-12-08", "date_to": null, "resource_library": [4]}}, {"model": "skills.skill", "pk": 68, "fields": {"name": "Креативное мышление", "description": "Креативное мышление", "specialization": 7, "group": 12, "type": "soft", "level": "middle", "code": 1, "date_from": "2023-12-08", "date_to": null, "resource_library": [3]}}, {"model": "skills.skill", "pk": 69, "fields": {"name": "Стрессоустойчивость", "description": "Стрессоустойчивость", "specialization": 4, "group": 12, "type": "soft", "level": "start", "code": 3, "date_from": "2023-12-08", "date_to": null, "resource_library": [4]}}, {"model": "skills.skill", "pk": 70, "fields": {"name": "Стрессоустойчивость", "description": "Стрессоустойчивость", "specialization": 7, "group": 12, "type": "soft", "level": "middle", "code": 2, "date_from": "2023-12-08", "date_to": null, "resource_library": [5]}}, {"model": "skills.skill", "pk": 71, "fields": {"name": "Самоорганизованность", "description": "Самоорганизованность", "specialization": 4, "group": 12, "type": "soft", "level": "start", "code": 1, "date_from": "2023-12-08", "date_to": null, "resource_library": [5]}}, {"model": "skills.skill", "pk": 72, "fields": {"name": "Самоорганизованность", "description": "Самоорганизованность", "specialization": 7, "group": 12, "type": "soft", "level": "middle", "code": 5, "date_from": "2023-12-08", "date_to": null, "resource_library": [6]}}, {"model": "skills.skill", "pk": 73, "fields": {"name": "Умение отстаивать свою позицию", "description": "Умение отстаивать свою позицию", "specialization": 4, "group": 12, "type": "soft", "level": "start", "code": 4, "date_from": "2023-12-08", "date_to": null, "resource_library": [5]}}, {"model": "skills.skill", "pk": 74, "fields": {"name": "Умение отстаивать свою позицию", "description": "Умение отстаивать свою позицию", "specialization": 7, "group": 12, "type": "soft", "level": "middle", "code": 2, "date_from": "2023-12-08", "date_to": null, "resource_library": [5]}}, {"model": "skills.skill", "pk": 75, "fields": {"name": "Внимательность к деталям", "description": "Внимательность к деталям", "specialization": 4, "group": 12, "type": "soft", "level": "start", "code": 1, "date_from": "2023-12-08", "date_to": null, "resource_library": [3, 4, 5]}}, {"model": "skills.skill", "pk": 76, "fields": {"name": "Внимательность к деталям", "description": "Внимательность к деталям", "specialization": 7, "group": 12, "type": "soft", "level": "middle", "code": 2, "date_from": "2023-12-08", "date_to": null, "resource_library": [4]}}, {"model": "skills.skill", "pk": 77, "fields": {"name": "Самообучение", "description": "Самообучение", "specialization": 4, "group": 12, "type": "soft", "level": "start", "code": 1, "date_from": "2023-12-08", "date_to": null, "resource_library": [7]}}, {"model": "skills.skill", "pk": 78, "fields": {"name": "Самообучение", "description": "Самообучение", "specialization": 7, "group": 12, "type": "soft", "level": "middle", "code": 1, "date_from": "2023-12-08", "date_to": null, "resource_library": [6]}}, {"model": "skills.skill", "pk": 79, "fields": {"name": "Умение устанавливать приоритеты", "description": "Умение устанавливать приоритеты", "specialization": 4, "group": 12, "type": "soft", "level": "start", "code": 2, "date_from": "2023-12-08", "date_to": null, "resource_library": [4]}}, {"model": "skills.skill", "pk": 80, "fields": {"name": "Умение устанавливать приоритеты", "description": "Умение устанавливать приоритеты", "specialization": 7, "group": 12, "type": "soft", "level": "middle", "code": 2, "date_from": "2023-12-08", "date_to": null, "resource_library": [7]}}, {"model": "skills.skill", "pk": 81, "fields": {"name": "Чувство ответственности", "description": "Чувство ответственности", "specialization": 4, "group": 12, "type": "soft", "level": "start", "code": 4, "date_from": "2023-12-08", "date_to": null, "resource_library": [28]}}, {"model": "skills.skill", "pk": 82, "fields": {"name": "Чувство ответственности", "description": "Чувство ответственности", "specialization": 7, "group": 12, "type": "soft", "level": "middle", "code": 11, "date_from": "2023-12-08", "date_to": null, "resource_library": [28]}}, {"model": "skills.skill", "pk": 83, "fields": {"name": "Гибкость мышления", "description": "Гибкость мышления", "specialization": 4, "group": 12, "type": "soft", "level": "start", "code": 1, "date_from": "2023-12-08", "date_to": null, "resource_library": [1]}}, {"model": "socialaccount.socialaccount", "pk": 3, "fields": {"user": 14, "provider": "yandex", "uid": "1646610674", "last_login": "2023-12-10T18:46:24.202Z", "date_joined": "2023-12-09T19:41:55.076Z", "extra_data": {"id": "1646610674", "sex": "male", "login": "Fa7eDL1gt", "psuid": "1.AArqJQ.yvTLeXALCgtvZOfJ23ctkg.gGlFlbERhH3QBRR6YV46TA", "client_id": "f7ab061c42cd42979ce67237baa22355", "last_name": "Андреев", "real_name": "Ярослав Андреев", "first_name": "Ярослав", "display_name": "Ярослав Андреев"}}}, {"model": "socialaccount.socialaccount", "pk": 4, "fields": {"user": 15, "provider": "yandex", "uid": "12082805", "last_login": "2023-12-09T21:23:27.766Z", "date_joined": "2023-12-09T21:23:27.766Z", "extra_data": {"id": "12082805", "sex": "female", "login": "sic15", "psuid": "1.AArqJQ.YYwvcc5HSFeNSkhrETToiw.MsYnh82w4c2z_Uigrja9Aw", "client_id": "f7ab061c42cd42979ce67237baa22355", "last_name": "Захарова", "real_name": "Наташа Захарова", "first_name": "Наташа", "display_name": "Наташа"}}}]